Tecomat F2x CP2007I v2.3.061 DataLogger v1.3 (2024-01-18-00:00:00) : Datalog / El_meter ! Type : PERIODIC | DATE : %TDD-MM-YYYY | TIME : %Thh:mm:ss | REAL : %9.f %RF012397 | REAL : %9.f %RF012401 | REAL : %9.f %RF012405 | ,;
DATUM;ÈAS;Vykon L1;Vykon L2;Vykon L3
18-01-2024;00:00:00;       17;        0;       -0;
18-01-2024;00:01:00;       11;        0;       -0;
18-01-2024;00:02:00;       12;        0;       -0;
18-01-2024;00:03:00;       19;        0;       -0;
18-01-2024;00:04:00;       12;        0;       -0;
18-01-2024;00:05:00;       11;        0;       -0;
18-01-2024;00:06:00;       12;        0;       -0;
18-01-2024;00:07:00;       12;        0;       -0;
18-01-2024;00:08:00;       12;        0;       -0;
18-01-2024;00:09:00;       18;       -0;       -0;
18-01-2024;00:10:00;       19;        0;        0;
18-01-2024;00:11:00;       12;        0;       -0;
18-01-2024;00:12:00;       12;        0;       -0;
18-01-2024;00:13:00;       12;        0;       -0;
18-01-2024;00:14:00;       19;       -0;       -0;
18-01-2024;00:15:00;       21;        0;       -0;
18-01-2024;00:16:00;       14;        0;        0;
18-01-2024;00:17:00;       21;       -0;       -0;
18-01-2024;00:18:00;       16;        0;       -0;
18-01-2024;00:19:00;       22;       -0;       -0;
18-01-2024;00:20:00;       12;        0;       -0;
18-01-2024;00:21:00;       12;        0;       -0;
18-01-2024;00:22:00;       22;        0;       -0;
18-01-2024;00:23:00;       12;        0;       -0;
18-01-2024;00:24:00;       12;        0;       -0;
18-01-2024;00:25:00;       12;        0;       -0;
18-01-2024;00:26:00;       22;        0;       -0;
18-01-2024;00:27:00;       12;        0;       -0;
18-01-2024;00:28:00;       12;        0;        0;
18-01-2024;00:29:00;       11;        0;       -0;
18-01-2024;00:30:00;       11;        0;       -0;
18-01-2024;00:31:00;       12;        0;       -0;
18-01-2024;00:32:00;       12;        0;       -0;
18-01-2024;00:33:00;       12;        0;       -0;
18-01-2024;00:34:00;       12;        0;        0;
18-01-2024;00:35:00;       22;        0;       -0;
18-01-2024;00:36:00;       18;        0;       -0;
18-01-2024;00:37:00;       12;        0;       -0;
18-01-2024;00:38:00;       14;        0;       -0;
18-01-2024;00:39:00;       12;        0;       -0;
18-01-2024;00:40:00;       12;        0;       -0;
18-01-2024;00:41:00;       12;        0;       -0;
18-01-2024;00:42:00;       12;        0;       -0;
18-01-2024;00:43:00;       17;        0;       -0;
18-01-2024;00:44:00;       12;       -0;       -0;
18-01-2024;00:45:00;       23;        0;        0;
18-01-2024;00:46:00;       12;        0;       -0;
18-01-2024;00:47:00;       12;        0;       -0;
18-01-2024;00:48:00;       12;        0;       -0;
18-01-2024;00:49:00;       11;        0;        0;
18-01-2024;00:50:00;       14;        0;        0;
18-01-2024;00:51:00;       12;        0;       -0;
18-01-2024;00:52:00;       11;        0;       -0;
18-01-2024;00:53:00;       12;        0;       -0;
18-01-2024;00:54:00;       22;        0;       -0;
18-01-2024;00:55:00;       11;       -0;       -0;
18-01-2024;00:56:00;       12;        0;        0;
18-01-2024;00:57:00;       12;        0;       -0;
18-01-2024;00:58:00;       16;        0;       -0;
18-01-2024;00:59:00;       11;       -0;       -0;
18-01-2024;01:00:00;       12;        0;       -0;
18-01-2024;01:01:00;       23;        0;        0;
18-01-2024;01:02:00;       12;        0;       -0;
18-01-2024;01:03:00;       11;       -0;       -0;
18-01-2024;01:04:00;       12;        0;        0;
18-01-2024;01:05:00;       12;        0;       -0;
18-01-2024;01:06:00;       22;        0;       -0;
18-01-2024;01:07:00;       12;        0;       -0;
18-01-2024;01:08:00;       18;       -0;       -0;
18-01-2024;01:09:00;       12;        0;       -0;
18-01-2024;01:10:00;       11;        0;        0;
18-01-2024;01:11:00;       11;       -0;       -0;
18-01-2024;01:12:00;       12;        0;       -0;
18-01-2024;01:13:00;       19;        0;       -0;
18-01-2024;01:14:00;       22;        0;       -0;
18-01-2024;01:15:00;       13;        0;       -0;
18-01-2024;01:16:00;       12;        0;       -0;
18-01-2024;01:17:00;       22;       -0;       -0;
18-01-2024;01:18:00;       12;        0;       -0;
18-01-2024;01:19:00;       12;        0;       -0;
18-01-2024;01:20:00;       11;       -0;       -0;
18-01-2024;01:21:00;       12;        0;       -0;
18-01-2024;01:22:00;       21;        0;       -0;
18-01-2024;01:23:00;       20;        0;        0;
18-01-2024;01:24:00;       23;        0;       -0;
18-01-2024;01:25:00;       12;        0;       -0;
18-01-2024;01:26:00;       11;        0;       -0;
18-01-2024;01:27:00;       12;        0;       -0;
18-01-2024;01:28:00;       12;        0;       -0;
18-01-2024;01:29:00;       12;       -0;       -0;
18-01-2024;01:30:00;       22;       -0;       -0;
18-01-2024;01:31:00;       19;        0;       -0;
18-01-2024;01:32:00;       12;        0;       -0;
18-01-2024;01:33:00;       22;        0;       -0;
18-01-2024;01:34:00;       22;        0;       -0;
18-01-2024;01:35:00;       22;        0;       -0;
18-01-2024;01:36:00;       22;        0;       -0;
18-01-2024;01:37:00;       12;        0;       -0;
18-01-2024;01:38:00;       18;        0;       -0;
18-01-2024;01:39:00;       12;        0;       -0;
18-01-2024;01:40:00;       11;        0;       -0;
18-01-2024;01:41:00;       11;        0;       -0;
18-01-2024;01:42:00;       22;        0;       -0;
18-01-2024;01:43:00;       17;        0;       -0;
18-01-2024;01:44:00;       11;        0;       -0;
18-01-2024;01:45:00;       22;       -0;       -0;
18-01-2024;01:46:00;       12;        0;        0;
18-01-2024;01:47:00;       21;        0;       -0;
18-01-2024;01:48:00;       12;        0;        0;
18-01-2024;01:49:00;       12;        0;       -0;
18-01-2024;01:50:00;       12;        0;       -0;
18-01-2024;01:51:00;       11;        0;       -0;
18-01-2024;01:52:00;       12;       -0;       -0;
18-01-2024;01:53:00;       11;        0;       -0;
18-01-2024;01:54:00;       12;        0;       -0;
18-01-2024;01:55:00;       11;        0;       -0;
18-01-2024;01:56:00;       11;       -0;       -0;
18-01-2024;01:57:00;       22;       -0;       -0;
18-01-2024;01:58:00;       21;        0;       -0;
18-01-2024;01:59:00;       11;       -0;       -0;
18-01-2024;02:00:00;       11;        0;       -0;
18-01-2024;02:01:00;       12;        0;       -0;
18-01-2024;02:02:00;       22;        0;       -0;
18-01-2024;02:03:00;       11;        0;       -0;
18-01-2024;02:04:00;       11;        0;       -0;
18-01-2024;02:05:00;       16;        0;       -0;
18-01-2024;02:06:00;       12;        0;       -0;
18-01-2024;02:07:00;       12;        0;       -0;
18-01-2024;02:08:00;       12;        0;       -0;
18-01-2024;02:09:00;       12;        0;        0;
18-01-2024;02:10:00;       11;        0;       -0;
18-01-2024;02:11:00;       12;        0;       -0;
18-01-2024;02:12:00;       16;        0;        0;
18-01-2024;02:13:00;       11;       -0;       -0;
18-01-2024;02:14:00;       12;        0;       -0;
18-01-2024;02:15:00;       11;        0;       -0;
18-01-2024;02:16:00;       12;        0;       -0;
18-01-2024;02:17:00;       12;        0;       -0;
18-01-2024;02:18:00;       22;        0;       -0;
18-01-2024;02:19:00;       22;        0;       -0;
18-01-2024;02:20:00;       12;        0;        0;
18-01-2024;02:21:00;       12;        0;       -0;
18-01-2024;02:22:00;       20;        0;       -0;
18-01-2024;02:23:00;       11;        0;        0;
18-01-2024;02:24:00;       12;        0;       -0;
18-01-2024;02:25:00;       23;        0;       -0;
18-01-2024;02:26:00;       17;        0;       -0;
18-01-2024;02:27:00;       11;        0;       -0;
18-01-2024;02:28:00;       11;        0;       -0;
18-01-2024;02:29:00;       22;        0;       -0;
18-01-2024;02:30:00;       11;       -0;       -0;
18-01-2024;02:31:00;       14;        0;        0;
18-01-2024;02:32:00;       12;        0;       -0;
18-01-2024;02:33:00;       12;        0;        0;
18-01-2024;02:34:00;       22;        0;       -0;
18-01-2024;02:35:00;       22;        0;       -0;
18-01-2024;02:36:00;       12;        0;       -0;
18-01-2024;02:37:00;       12;        0;       -0;
18-01-2024;02:38:00;       11;        0;       -0;
18-01-2024;02:39:00;       22;        0;       -0;
18-01-2024;02:40:00;       12;        0;       -0;
18-01-2024;02:41:00;       22;       -0;       -0;
18-01-2024;02:42:00;       11;        0;       -0;
18-01-2024;02:43:00;       21;        0;       -0;
18-01-2024;02:44:00;       12;        0;       -0;
18-01-2024;02:45:00;       11;        0;       -0;
18-01-2024;02:46:00;       11;        0;       -0;
18-01-2024;02:47:00;       12;        0;       -0;
18-01-2024;02:48:00;       11;        0;       -0;
18-01-2024;02:49:00;       11;       -0;       -0;
18-01-2024;02:50:00;       11;        0;       -0;
18-01-2024;02:51:00;       11;        0;       -0;
18-01-2024;02:52:00;       13;        0;       -0;
18-01-2024;02:53:00;       12;        0;       -0;
18-01-2024;02:54:00;       22;        0;       -0;
18-01-2024;02:55:00;       22;       -0;       -0;
18-01-2024;02:56:00;       12;        0;        0;
18-01-2024;02:57:00;       11;        0;       -0;
18-01-2024;02:58:00;       12;        0;       -0;
18-01-2024;02:59:00;       11;        0;       -0;
18-01-2024;03:00:00;       21;        0;       -0;
18-01-2024;03:01:00;       12;        0;        0;
18-01-2024;03:02:00;       11;        0;       -0;
18-01-2024;03:03:00;       22;        0;       -0;
18-01-2024;03:04:00;       11;        0;       -0;
18-01-2024;03:05:00;       12;        0;       -0;
18-01-2024;03:06:00;       11;        0;       -0;
18-01-2024;03:07:00;       11;        0;       -0;
18-01-2024;03:08:00;       11;        0;       -0;
18-01-2024;03:09:00;       12;        0;        0;
18-01-2024;03:10:00;       19;        0;        0;
18-01-2024;03:11:00;       12;        0;       -0;
18-01-2024;03:12:00;       12;        0;       -0;
18-01-2024;03:13:00;       12;        0;       -0;
18-01-2024;03:14:00;       22;        0;       -0;
18-01-2024;03:15:00;       11;       -0;       -0;
18-01-2024;03:16:00;       12;        0;       -0;
18-01-2024;03:17:00;       11;        0;       -0;
18-01-2024;03:17:44;      224;       -0;       -0;
18-01-2024;03:17:54;      375;        0;        0;
18-01-2024;03:18:04;      817;        0;       -0;
18-01-2024;03:18:14;     1103;        0;       -0;
18-01-2024;03:18:24;     1204;       -0;       -0;
18-01-2024;03:18:34;     1232;        0;       -0;
18-01-2024;03:18:44;     1246;        0;       -0;
18-01-2024;03:18:54;     1259;        0;       -0;
18-01-2024;03:19:04;     1263;        0;       -0;
18-01-2024;03:19:14;     1253;        0;       -0;
18-01-2024;03:19:24;     1068;        0;       -0;
18-01-2024;03:19:34;     1068;        0;       -0;
18-01-2024;03:19:44;     1124;        0;       -0;
18-01-2024;03:19:54;     1220;        0;       -0;
18-01-2024;03:20:04;     1414;        0;       -0;
18-01-2024;03:20:14;     1456;        0;       -0;
18-01-2024;03:20:24;     1648;       -0;       -0;
18-01-2024;03:20:34;     1686;        0;       -0;
18-01-2024;03:20:44;     1855;       -0;       -0;
18-01-2024;03:20:54;     1899;       -0;       -0;
18-01-2024;03:21:04;     2141;        0;       -0;
18-01-2024;03:21:14;     2158;        0;       -0;
18-01-2024;03:21:24;     2294;        0;       -0;
18-01-2024;03:21:34;     2518;        0;       -0;
18-01-2024;03:21:44;     2529;        0;        0;
18-01-2024;03:21:54;     2147;        0;        0;
18-01-2024;03:22:04;     1725;       -0;       -0;
18-01-2024;03:22:14;     1707;        0;       -0;
18-01-2024;03:22:24;     1894;       -0;       -0;
18-01-2024;03:22:34;     1920;       -0;       -0;
18-01-2024;03:22:44;     1906;        0;       -0;
18-01-2024;03:22:54;     1903;       -0;       -0;
18-01-2024;03:23:04;     1885;        0;       -0;
18-01-2024;03:23:14;     1877;       -0;       -0;
18-01-2024;03:23:24;     1874;        0;       -0;
18-01-2024;03:23:34;     1870;       -0;       -0;
18-01-2024;03:23:44;     1867;        0;       -0;
18-01-2024;03:23:54;     2022;       -0;       -0;
18-01-2024;03:24:04;     2173;       -0;       -0;
18-01-2024;03:24:14;     2169;        0;       -0;
18-01-2024;03:24:24;     2154;        0;       -0;
18-01-2024;03:24:34;     2142;        0;       -0;
18-01-2024;03:24:44;     2133;        0;       -0;
18-01-2024;03:24:54;     2116;        0;       -0;
18-01-2024;03:25:04;     2110;        0;       -0;
18-01-2024;03:25:14;     2118;        0;       -0;
18-01-2024;03:25:24;     2125;        0;       -0;
18-01-2024;03:25:34;     2133;        0;       -0;
18-01-2024;03:25:44;     2138;        0;       -0;
18-01-2024;03:25:54;     2156;        0;       -0;
18-01-2024;03:26:04;     2157;        0;        0;
18-01-2024;03:26:14;     2156;        0;       -0;
18-01-2024;03:26:24;     2158;       -0;       -0;
18-01-2024;03:26:34;     2163;        0;       -0;
18-01-2024;03:26:44;     2160;        0;       -0;
18-01-2024;03:26:54;     2163;        0;       -0;
18-01-2024;03:27:04;     2174;        0;       -0;
18-01-2024;03:27:14;     2180;        0;        0;
18-01-2024;03:27:24;     2189;       -0;       -0;
18-01-2024;03:27:34;     2195;        0;       -0;
18-01-2024;03:27:44;     2192;        0;       -0;
18-01-2024;03:27:54;     2191;        0;       -0;
18-01-2024;03:28:04;     2192;        0;       -0;
18-01-2024;03:28:14;     2194;        0;       -0;
18-01-2024;03:28:24;     2191;       -0;       -0;
18-01-2024;03:28:34;     2193;        0;       -0;
18-01-2024;03:28:44;     2199;        0;       -0;
18-01-2024;03:28:54;     2197;        0;        0;
18-01-2024;03:29:04;     2205;        0;       -0;
18-01-2024;03:29:14;     2211;        0;       -0;
18-01-2024;03:29:24;     2214;        0;       -0;
18-01-2024;03:29:34;     2226;        0;       -0;
18-01-2024;03:29:44;     2226;        0;       -0;
18-01-2024;03:29:54;     2231;        0;       -0;
18-01-2024;03:30:04;     2235;        0;       -0;
18-01-2024;03:30:14;     1811;        0;       -0;
18-01-2024;03:30:24;     1740;        0;        0;
18-01-2024;03:30:34;     1770;        0;       -0;
18-01-2024;03:30:44;     1796;       -0;       -0;
18-01-2024;03:30:54;     1813;       -0;       -0;
18-01-2024;03:31:04;     1854;        0;       -0;
18-01-2024;03:31:14;     1870;        0;       -0;
18-01-2024;03:31:24;     1888;        0;       -0;
18-01-2024;03:31:34;     1860;        0;       -0;
18-01-2024;03:31:44;     1865;       -0;       -0;
18-01-2024;03:31:54;     1866;        0;       -0;
18-01-2024;03:32:04;     1870;       -0;       -0;
18-01-2024;03:32:14;     1886;       -0;       -0;
18-01-2024;03:32:24;     1888;       -0;       -0;
18-01-2024;03:32:34;     1895;        0;       -0;
18-01-2024;03:32:44;     1887;        0;        0;
18-01-2024;03:32:54;     1879;        0;       -0;
18-01-2024;03:33:04;     1884;        0;       -0;
18-01-2024;03:33:14;     1884;       -0;       -0;
18-01-2024;03:33:24;     1886;        0;       -0;
18-01-2024;03:33:34;     1891;        0;        0;
18-01-2024;03:33:44;     1893;        0;       -0;
18-01-2024;03:33:54;     1901;        0;       -0;
18-01-2024;03:34:04;     1905;        0;       -0;
18-01-2024;03:34:14;     1902;        0;       -0;
18-01-2024;03:34:24;     1786;        0;       -0;
18-01-2024;03:34:34;     1279;        0;       -0;
18-01-2024;03:34:44;      997;        0;       -0;
18-01-2024;03:34:54;      775;        0;       -0;
18-01-2024;03:35:04;      917;        0;       -0;
18-01-2024;03:35:14;     1129;        0;       -0;
18-01-2024;03:35:24;     1236;        0;       -0;
18-01-2024;03:35:34;     1308;        0;       -0;
18-01-2024;03:35:44;     1290;       -0;       -0;
18-01-2024;03:35:54;     1276;        0;       -0;
18-01-2024;03:36:04;     1266;        0;       -0;
18-01-2024;03:36:14;     1258;        0;       -0;
18-01-2024;03:36:24;     1246;        0;       -0;
18-01-2024;03:36:34;     1241;        0;       -0;
18-01-2024;03:36:44;     1238;        0;        0;
18-01-2024;03:36:54;     1234;        0;       -0;
18-01-2024;03:37:04;     1233;       -0;       -0;
18-01-2024;03:37:14;     1227;        0;       -0;
18-01-2024;03:37:24;     1394;       -0;       -0;
18-01-2024;03:37:34;     1395;       -0;       -0;
18-01-2024;03:37:44;     1380;       -0;       -0;
18-01-2024;03:37:54;     1368;        0;       -0;
18-01-2024;03:38:04;     1360;        0;       -0;
18-01-2024;03:38:14;     1353;        0;       -0;
18-01-2024;03:38:24;     1351;        0;       -0;
18-01-2024;03:38:34;     1346;        0;       -0;
18-01-2024;03:38:44;     1348;        0;        0;
18-01-2024;03:38:54;     1349;        0;       -0;
18-01-2024;03:39:04;     1344;        0;       -0;
18-01-2024;03:39:14;     1346;        0;       -0;
18-01-2024;03:39:24;     1343;        0;       -0;
18-01-2024;03:39:34;     1340;        0;       -0;
18-01-2024;03:39:44;     1340;        0;       -0;
18-01-2024;03:39:54;     1341;        0;       -0;
18-01-2024;03:40:04;     1341;        0;       -0;
18-01-2024;03:40:14;     1341;       -0;       -0;
18-01-2024;03:40:24;     1343;       -0;       -0;
18-01-2024;03:40:34;     1342;       -0;       -0;
18-01-2024;03:40:44;     1388;        0;       -0;
18-01-2024;03:40:54;     1488;        0;       -0;
18-01-2024;03:41:04;     1495;        0;       -0;
18-01-2024;03:41:14;     1382;       -0;       -0;
18-01-2024;03:41:24;     1338;       -0;       -0;
18-01-2024;03:41:34;     1332;        0;       -0;
18-01-2024;03:41:44;     1463;        0;       -0;
18-01-2024;03:41:54;     1473;        0;       -0;
18-01-2024;03:42:04;     1479;        0;       -0;
18-01-2024;03:42:14;     1483;        0;       -0;
18-01-2024;03:42:24;     1486;        0;       -0;
18-01-2024;03:42:34;     1489;       -0;       -0;
18-01-2024;03:42:44;     1493;        0;       -0;
18-01-2024;03:42:54;     1493;        0;        0;
18-01-2024;03:43:04;     1492;        0;       -0;
18-01-2024;03:43:14;     1491;       -0;       -0;
18-01-2024;03:43:24;     1491;       -0;       -0;
18-01-2024;03:43:34;     1492;        0;       -0;
18-01-2024;03:43:44;     1494;        0;       -0;
18-01-2024;03:43:54;     1497;        0;        0;
18-01-2024;03:44:04;     1501;       -0;       -0;
18-01-2024;03:44:14;     1504;        0;       -0;
18-01-2024;03:44:24;     1507;        0;       -0;
18-01-2024;03:44:34;     1313;        0;        0;
18-01-2024;03:44:44;     1064;        0;       -0;
18-01-2024;03:44:54;      825;        0;       -0;
18-01-2024;03:45:04;      619;       -0;       -0;
18-01-2024;03:45:14;      530;        0;       -0;
18-01-2024;03:46:14;       16;       -0;       -0;
18-01-2024;03:47:14;       20;       -0;       -0;
18-01-2024;03:48:14;       12;        0;       -0;
18-01-2024;03:49:14;       11;        0;       -0;
18-01-2024;03:50:14;       11;       -0;       -0;
18-01-2024;03:51:14;       11;        0;       -0;
18-01-2024;03:52:14;       19;        0;       -0;
18-01-2024;03:53:14;       12;        0;       -0;
18-01-2024;03:54:14;       11;        0;       -0;
18-01-2024;03:55:14;       11;        0;       -0;
18-01-2024;03:56:14;       21;        0;       -0;
18-01-2024;03:57:14;       22;       -0;       -0;
18-01-2024;03:58:14;       11;        0;       -0;
18-01-2024;03:59:14;       21;        0;       -0;
18-01-2024;04:00:14;       11;        0;       -0;
18-01-2024;04:01:14;       11;        0;        0;
18-01-2024;04:02:14;       11;        0;       -0;
18-01-2024;04:03:14;       11;        0;       -0;
18-01-2024;04:04:14;       16;        0;       -0;
18-01-2024;04:05:14;       22;        0;       -0;
18-01-2024;04:06:14;       12;       -0;       -0;
18-01-2024;04:07:14;       12;        0;       -0;
18-01-2024;04:08:14;       11;        0;       -0;
18-01-2024;04:09:14;       20;        0;       -0;
18-01-2024;04:10:14;       11;        0;       -0;
18-01-2024;04:11:14;       11;        0;       -0;
18-01-2024;04:12:14;       21;        0;       -0;
18-01-2024;04:13:14;       12;        0;       -0;
18-01-2024;04:14:14;       12;       -0;       -0;
18-01-2024;04:15:14;       11;        0;       -0;
18-01-2024;04:16:14;       11;        0;       -0;
18-01-2024;04:17:14;       21;       -0;       -0;
18-01-2024;04:18:14;       11;        0;       -0;
18-01-2024;04:19:14;       11;        0;       -0;
18-01-2024;04:20:14;       22;        0;       -0;
18-01-2024;04:21:14;       12;        0;       -0;
18-01-2024;04:22:14;       11;       -0;       -0;
18-01-2024;04:23:14;       11;        0;       -0;
18-01-2024;04:24:14;       12;        0;       -0;
18-01-2024;04:25:14;       11;        0;       -0;
18-01-2024;04:26:14;       11;        0;       -0;
18-01-2024;04:27:14;       12;        0;       -0;
18-01-2024;04:28:14;       11;        0;       -0;
18-01-2024;04:29:14;       11;        0;       -0;
18-01-2024;04:30:14;       16;        0;       -0;
18-01-2024;04:31:14;       11;        0;       -0;
18-01-2024;04:32:14;       11;        0;       -0;
18-01-2024;04:33:14;       12;        0;       -0;
18-01-2024;04:34:14;       11;        0;       -0;
18-01-2024;04:35:14;       18;        0;       -0;
18-01-2024;04:36:14;       13;        0;       -0;
18-01-2024;04:37:14;       11;        0;       -0;
18-01-2024;04:38:14;       15;        0;       -0;
18-01-2024;04:39:14;       22;        0;       -0;
18-01-2024;04:40:14;       12;        0;       -0;
18-01-2024;04:41:14;       21;        0;       -0;
18-01-2024;04:42:14;       12;        0;       -0;
18-01-2024;04:43:14;       12;       -0;       -0;
18-01-2024;04:44:14;       12;       -0;       -0;
18-01-2024;04:45:14;       12;        0;       -0;
18-01-2024;04:46:14;       12;        0;       -0;
18-01-2024;04:47:14;       12;        0;       -0;
18-01-2024;04:48:14;       12;        0;        0;
18-01-2024;04:49:14;       11;        0;       -0;
18-01-2024;04:50:14;       11;       -0;       -0;
18-01-2024;04:51:14;       12;        0;        0;
18-01-2024;04:52:14;       12;       -0;       -0;
18-01-2024;04:53:14;       12;        0;       -0;
18-01-2024;04:54:14;       11;        0;        0;
18-01-2024;04:55:14;       22;        0;        0;
18-01-2024;04:56:14;       22;        0;       -0;
18-01-2024;04:57:14;       21;       -0;       -0;
18-01-2024;04:58:14;       12;        0;       -0;
18-01-2024;04:59:14;       22;        0;       -0;
18-01-2024;05:00:14;       12;       -0;        0;
18-01-2024;05:01:14;       22;        0;       -0;
18-01-2024;05:02:14;       11;        0;       -0;
18-01-2024;05:03:14;       11;        0;       -0;
18-01-2024;05:04:14;       11;        0;       -0;
18-01-2024;05:05:14;       22;        0;       -0;
18-01-2024;05:06:14;       12;        0;       -0;
18-01-2024;05:07:14;       17;        0;       -0;
18-01-2024;05:08:14;       11;        0;       -0;
18-01-2024;05:09:14;       12;        0;       -0;
18-01-2024;05:10:14;       12;        0;       -0;
18-01-2024;05:11:14;       22;        0;       -0;
18-01-2024;05:12:14;       11;        0;       -0;
18-01-2024;05:13:14;       12;        0;       -0;
18-01-2024;05:14:14;       22;        0;       -0;
18-01-2024;05:15:14;       17;       -0;       -0;
18-01-2024;05:16:14;       21;        0;       -0;
18-01-2024;05:17:14;       12;        0;        0;
18-01-2024;05:18:14;       11;       -0;       -0;
18-01-2024;05:19:14;       11;        0;       -0;
18-01-2024;05:20:14;       12;        0;       -0;
18-01-2024;05:21:14;       11;        0;       -0;
18-01-2024;05:22:14;       12;        0;       -0;
18-01-2024;05:23:14;       12;        0;       -0;
18-01-2024;05:24:14;       12;       -0;       -0;
18-01-2024;05:25:14;       11;        0;       -0;
18-01-2024;05:26:14;       11;        0;       -0;
18-01-2024;05:27:14;       12;        0;       -0;
18-01-2024;05:28:14;       12;        0;       -0;
18-01-2024;05:29:14;       22;        0;       -0;
18-01-2024;05:30:14;       12;        0;        0;
18-01-2024;05:31:14;       13;        0;       -0;
18-01-2024;05:32:14;       22;        0;       -0;
18-01-2024;05:33:14;       11;        0;       -0;
18-01-2024;05:34:14;       17;       -0;       -0;
18-01-2024;05:35:14;       17;        0;       -0;
18-01-2024;05:36:14;       12;        0;       -0;
18-01-2024;05:37:14;       11;        0;       -0;
18-01-2024;05:38:14;       15;        0;       -0;
18-01-2024;05:39:14;       22;        0;       -0;
18-01-2024;05:40:14;       22;       -0;       -0;
18-01-2024;05:41:14;       11;        0;       -0;
18-01-2024;05:42:14;       11;        0;       -0;
18-01-2024;05:43:14;       19;       -0;       -0;
18-01-2024;05:44:14;       11;        0;       -0;
18-01-2024;05:45:14;       12;        0;       -0;
18-01-2024;05:46:14;       12;       -0;       -0;
18-01-2024;05:47:14;       11;        0;       -0;
18-01-2024;05:48:14;       20;       -0;       -0;
18-01-2024;05:49:14;       21;        0;       -0;
18-01-2024;05:50:14;       12;        0;       -0;
18-01-2024;05:51:14;       12;        0;       -0;
18-01-2024;05:52:14;       15;        0;       -0;
18-01-2024;05:53:14;       22;       -0;       -0;
18-01-2024;05:54:14;       22;        0;        0;
18-01-2024;05:55:14;       14;        0;       -0;
18-01-2024;05:56:14;       11;        0;       -0;
18-01-2024;05:57:14;       14;        0;       -0;
18-01-2024;05:58:14;       21;        0;       -0;
18-01-2024;05:59:14;       21;       -0;       -0;
18-01-2024;06:00:14;       19;        0;       -0;
18-01-2024;06:01:14;       11;        0;       -0;
18-01-2024;06:02:14;       12;        0;       -0;
18-01-2024;06:03:14;       12;       -0;       -0;
18-01-2024;06:04:14;       11;        0;       -0;
18-01-2024;06:05:14;       16;        0;       -0;
18-01-2024;06:06:14;       11;       -0;       -0;
18-01-2024;06:07:14;       11;        0;       -0;
18-01-2024;06:08:14;       22;        0;       -0;
18-01-2024;06:09:14;       11;        0;       -0;
18-01-2024;06:10:14;       11;        0;       -0;
18-01-2024;06:11:14;       12;        0;       -0;
18-01-2024;06:12:14;       12;        0;       -0;
18-01-2024;06:13:14;       12;        0;       -0;
18-01-2024;06:14:14;       11;        0;       -0;
18-01-2024;06:15:14;       11;        0;       -0;
18-01-2024;06:16:14;       12;        0;       -0;
18-01-2024;06:17:14;       11;        0;       -0;
18-01-2024;06:18:14;       22;        0;       -0;
18-01-2024;06:19:14;       11;       -0;       -0;
18-01-2024;06:20:14;       21;        0;       -0;
18-01-2024;06:21:14;       12;       -0;       -0;
18-01-2024;06:22:14;       12;        0;       -0;
18-01-2024;06:23:14;       22;        0;       -0;
18-01-2024;06:24:14;       11;       -0;       -0;
18-01-2024;06:25:14;       22;        0;       -0;
18-01-2024;06:26:14;       11;        0;       -0;
18-01-2024;06:27:14;       12;        0;       -0;
18-01-2024;06:28:14;       11;        0;       -0;
18-01-2024;06:29:14;       12;        0;       -0;
18-01-2024;06:30:14;       11;        0;       -0;
18-01-2024;06:31:14;       12;        0;       -0;
18-01-2024;06:32:14;       11;        0;       -0;
18-01-2024;06:33:14;       22;        0;       -0;
18-01-2024;06:34:14;       11;        0;       -0;
18-01-2024;06:35:14;       21;        0;       -0;
18-01-2024;06:36:14;       11;        0;       -0;
18-01-2024;06:37:14;       12;       -0;       -0;
18-01-2024;06:38:14;       11;        0;       -0;
18-01-2024;06:39:14;       22;        0;       -0;
18-01-2024;06:40:14;       11;        0;       -0;
18-01-2024;06:41:14;       11;        0;       -0;
18-01-2024;06:42:14;       11;       -0;       -0;
18-01-2024;06:43:14;       11;        0;       -0;
18-01-2024;06:44:14;       11;        0;       -0;
18-01-2024;06:45:14;       22;       -0;       -0;
18-01-2024;06:46:14;       11;        0;       -0;
18-01-2024;06:47:14;       10;       -0;       -0;
18-01-2024;06:48:14;       11;        0;       -0;
18-01-2024;06:49:14;       11;        0;        0;
18-01-2024;06:50:14;       22;       -0;       -0;
18-01-2024;06:51:14;       22;        0;       -0;
18-01-2024;06:52:14;       22;        0;       -0;
18-01-2024;06:53:14;       21;       -0;       -0;
18-01-2024;06:54:14;       21;       -0;       -0;
18-01-2024;06:55:14;       19;       -0;       -0;
18-01-2024;06:56:14;       21;        0;       -0;
18-01-2024;06:57:14;       11;       -0;       -0;
18-01-2024;06:58:14;       10;        0;       -0;
18-01-2024;06:59:14;       11;       -0;       -0;
18-01-2024;07:00:14;       11;        0;       -0;
18-01-2024;07:01:14;       11;        0;       -0;
18-01-2024;07:02:14;       11;       -0;       -0;
18-01-2024;07:03:14;       11;       -0;       -0;
18-01-2024;07:04:14;       11;        0;       -0;
18-01-2024;07:05:14;       10;        0;       -0;
18-01-2024;07:06:14;       11;        0;       -0;
18-01-2024;07:07:14;       21;        0;       -0;
18-01-2024;07:08:14;       11;        0;       -0;
18-01-2024;07:09:14;       11;        0;       -0;
18-01-2024;07:10:14;       11;        0;       -0;
18-01-2024;07:11:14;       11;        0;       -0;
18-01-2024;07:12:14;       11;        0;       -0;
18-01-2024;07:13:14;       11;        0;       -0;
18-01-2024;07:14:14;       11;        0;       -0;
18-01-2024;07:15:14;       11;        0;       -0;
18-01-2024;07:16:14;       12;        0;       -0;
18-01-2024;07:17:14;       12;       -0;       -0;
18-01-2024;07:18:14;       22;        0;       -0;
18-01-2024;07:19:14;       19;        0;       -0;
18-01-2024;07:20:14;       22;       -0;       -0;
18-01-2024;07:21:14;       11;       -0;       -0;
18-01-2024;07:22:14;       12;        0;       -0;
18-01-2024;07:23:14;       11;        0;       -0;
18-01-2024;07:24:14;       11;        0;       -0;
18-01-2024;07:25:14;       11;        0;       -0;
18-01-2024;07:26:14;       11;        0;        0;
18-01-2024;07:27:14;       11;        0;       -0;
18-01-2024;07:28:14;       22;        0;       -0;
18-01-2024;07:29:14;       11;        0;       -0;
18-01-2024;07:30:14;       11;        0;       -0;
18-01-2024;07:31:14;       11;        0;        0;
18-01-2024;07:32:14;       22;        0;       -0;
18-01-2024;07:33:14;       11;        0;       -0;
18-01-2024;07:34:14;       12;        0;       -0;
18-01-2024;07:35:14;       11;        0;       -0;
18-01-2024;07:36:14;       11;        0;       -0;
18-01-2024;07:37:14;       11;        0;       -0;
18-01-2024;07:38:14;       11;        0;        0;
18-01-2024;07:39:14;       11;        0;       -0;
18-01-2024;07:40:14;       13;        0;       -0;
18-01-2024;07:41:14;       22;        0;       -0;
18-01-2024;07:42:14;       11;        0;       -0;
18-01-2024;07:43:14;       11;        0;       -0;
18-01-2024;07:44:14;       12;        0;       -0;
18-01-2024;07:45:14;       12;        0;        0;
18-01-2024;07:46:14;       12;        0;       -0;
18-01-2024;07:47:14;       11;        0;       -0;
18-01-2024;07:48:14;       21;        0;        0;
18-01-2024;07:49:14;       12;        0;       -0;
18-01-2024;07:50:14;       20;        0;        0;
18-01-2024;07:51:14;       12;        0;       -0;
18-01-2024;07:52:14;       12;        0;       -0;
18-01-2024;07:53:14;       21;        0;       -0;
18-01-2024;07:54:14;       11;        0;       -0;
18-01-2024;07:55:14;       11;       -0;       -0;
18-01-2024;07:56:14;       11;        0;       -0;
18-01-2024;07:57:14;       11;       -0;       -0;
18-01-2024;07:58:14;       11;        0;        0;
18-01-2024;07:59:14;       22;        0;       -0;
18-01-2024;08:00:14;       22;        0;       -0;
18-01-2024;08:01:14;       11;        0;       -0;
18-01-2024;08:02:14;       19;        0;       -0;
18-01-2024;08:03:14;       11;        0;       -0;
18-01-2024;08:04:14;       12;        0;       -0;
18-01-2024;08:05:14;       11;        0;       -0;
18-01-2024;08:06:14;       11;        0;       -0;
18-01-2024;08:07:14;       11;        0;       -0;
18-01-2024;08:08:14;       11;        0;       -0;
18-01-2024;08:09:14;       11;       -0;       -0;
18-01-2024;08:10:14;       22;        0;       -0;
18-01-2024;08:11:14;       22;        0;       -0;
18-01-2024;08:12:14;       11;        0;       -0;
18-01-2024;08:13:14;       22;        0;       -0;
18-01-2024;08:14:14;       11;        0;       -0;
18-01-2024;08:15:14;       12;        0;       -0;
18-01-2024;08:16:14;       12;        0;        0;
18-01-2024;08:17:14;       12;        0;       -0;
18-01-2024;08:18:14;       22;        0;       -0;
18-01-2024;08:19:14;       22;        0;       -0;
18-01-2024;08:20:14;       12;        0;       -0;
18-01-2024;08:21:14;       22;        0;       -0;
18-01-2024;08:22:14;       18;        0;       -0;
18-01-2024;08:23:14;       11;        0;       -0;
18-01-2024;08:24:14;       12;        0;       -0;
18-01-2024;08:25:14;       12;        0;       -0;
18-01-2024;08:26:14;       12;        0;       -0;
18-01-2024;08:27:14;       12;        0;       -0;
18-01-2024;08:28:14;       12;       -0;       -0;
18-01-2024;08:29:14;       11;        0;       -0;
18-01-2024;08:30:14;       22;        0;       -0;
18-01-2024;08:31:14;       12;        0;       -0;
18-01-2024;08:31:58;      271;        0;       -0;
18-01-2024;08:32:08;      450;        0;       -0;
18-01-2024;08:32:18;      749;        0;       -0;
18-01-2024;08:32:28;     1056;        0;       -0;
18-01-2024;08:32:38;     1141;        0;        0;
18-01-2024;08:32:48;     1218;       -0;       -0;
18-01-2024;08:32:58;     1255;       -0;       -0;
18-01-2024;08:33:08;     1269;        0;        0;
18-01-2024;08:33:18;     1238;       -0;       -0;
18-01-2024;08:33:28;     1235;        0;       -0;
18-01-2024;08:33:38;     1091;        0;        0;
18-01-2024;08:33:48;     1237;        0;       -0;
18-01-2024;08:33:58;     1241;       -0;       -0;
18-01-2024;08:34:08;     1425;       -0;       -0;
18-01-2024;08:34:18;     1548;       -0;        0;
18-01-2024;08:34:28;     1649;       -0;        0;
18-01-2024;08:34:38;     1771;        0;       -0;
18-01-2024;08:34:48;     1845;       -0;       -0;
18-01-2024;08:34:58;     2143;        0;       -0;
18-01-2024;08:35:08;     2168;       -0;       -0;
18-01-2024;08:35:18;     2182;        0;       -0;
18-01-2024;08:35:28;     2466;        0;       -0;
18-01-2024;08:35:38;     2484;        0;       -0;
18-01-2024;08:35:48;     2491;        0;        0;
18-01-2024;08:35:58;     2625;        0;       -0;
18-01-2024;08:36:08;     2285;        0;       -0;
18-01-2024;08:36:18;     1829;       -0;       -0;
18-01-2024;08:36:28;     1820;        0;       -0;
18-01-2024;08:36:38;     1837;        0;       -0;
18-01-2024;08:36:48;     1827;       -0;       -0;
18-01-2024;08:36:58;     1930;        0;       -0;
18-01-2024;08:37:08;     2091;        0;       -0;
18-01-2024;08:37:18;     2083;        0;       -0;
18-01-2024;08:37:28;     2069;        0;       -0;
18-01-2024;08:37:38;     2058;        0;       -0;
18-01-2024;08:37:48;     2042;        0;       -0;
18-01-2024;08:37:58;     2032;       -0;       -0;
18-01-2024;08:38:08;     2020;        0;       -0;
18-01-2024;08:38:18;     2013;        0;       -0;
18-01-2024;08:38:28;     2020;        0;       -0;
18-01-2024;08:38:38;     2032;        0;        0;
18-01-2024;08:38:48;     2040;        0;       -0;
18-01-2024;08:38:58;     2291;        0;       -0;
18-01-2024;08:39:08;     2305;        0;       -0;
18-01-2024;08:39:18;     2299;        0;        0;
18-01-2024;08:39:28;     2292;        0;       -0;
18-01-2024;08:39:38;     2290;        0;       -0;
18-01-2024;08:39:48;     2283;        0;       -0;
18-01-2024;08:39:58;     2287;        0;       -0;
18-01-2024;08:40:08;     2291;       -0;       -0;
18-01-2024;08:40:18;     2295;        0;       -0;
18-01-2024;08:40:28;     2306;        0;       -0;
18-01-2024;08:40:38;     2311;        0;       -0;
18-01-2024;08:40:48;     2060;       -0;       -0;
18-01-2024;08:40:58;     2047;        0;       -0;
18-01-2024;08:41:08;     1784;        0;       -0;
18-01-2024;08:41:18;     1779;       -0;       -0;
18-01-2024;08:41:28;     1634;       -0;       -0;
18-01-2024;08:41:38;     1662;        0;       -0;
18-01-2024;08:41:48;     1487;        0;       -0;
18-01-2024;08:41:58;     1500;        0;        0;
18-01-2024;08:42:08;     1741;        0;       -0;
18-01-2024;08:42:18;     1763;        0;       -0;
18-01-2024;08:42:28;     1787;        0;       -0;
18-01-2024;08:42:38;     1797;        0;       -0;
18-01-2024;08:42:48;     1814;        0;       -0;
18-01-2024;08:42:58;     1814;        0;       -0;
18-01-2024;08:43:08;     1817;       -0;       -0;
18-01-2024;08:43:18;     1815;        0;       -0;
18-01-2024;08:43:28;     1812;        0;       -0;
18-01-2024;08:43:38;     1799;        0;       -0;
18-01-2024;08:43:48;     1806;       -0;       -0;
18-01-2024;08:43:58;     1791;        0;       -0;
18-01-2024;08:44:08;     1787;        0;       -0;
18-01-2024;08:44:18;     1482;        0;        0;
18-01-2024;08:44:28;     1234;       -0;       -0;
18-01-2024;08:44:38;      954;        0;       -0;
18-01-2024;08:44:48;      894;        0;       -0;
18-01-2024;08:44:58;      454;        0;       -0;
18-01-2024;08:45:08;      413;        0;       -0;
18-01-2024;08:45:18;      457;        0;       -0;
18-01-2024;08:45:28;      618;        0;       -0;
18-01-2024;08:45:38;      908;        0;       -0;
18-01-2024;08:45:48;     1591;        0;       -0;
18-01-2024;08:45:58;     1480;        0;       -0;
18-01-2024;08:46:08;     1331;        0;       -0;
18-01-2024;08:46:18;     1055;        0;       -0;
18-01-2024;08:46:28;      992;        0;       -0;
18-01-2024;08:46:38;      926;        0;        0;
18-01-2024;08:46:48;      320;        0;       -0;
18-01-2024;08:46:58;      549;        0;       -0;
18-01-2024;08:47:08;      836;       -0;        0;
18-01-2024;08:47:18;     1145;       -0;       -0;
18-01-2024;08:47:28;     1493;        0;       -0;
18-01-2024;08:47:38;     1573;        0;       -0;
18-01-2024;08:47:48;     1545;        0;       -0;
18-01-2024;08:47:58;     1553;        0;       -0;
18-01-2024;08:48:08;     1541;        0;       -0;
18-01-2024;08:48:18;     1543;        0;       -0;
18-01-2024;08:48:28;     1585;       -0;       -0;
18-01-2024;08:48:38;     1734;       -0;       -0;
18-01-2024;08:48:48;     1815;        0;       -0;
18-01-2024;08:48:58;     1797;        0;       -0;
18-01-2024;08:49:08;     1796;        0;       -0;
18-01-2024;08:49:18;     1778;       -0;       -0;
18-01-2024;08:49:28;     1782;        0;       -0;
18-01-2024;08:49:38;     1807;       -0;       -0;
18-01-2024;08:49:48;     1826;        0;       -0;
18-01-2024;08:49:58;     1850;       -0;        0;
18-01-2024;08:50:08;     1856;        0;       -0;
18-01-2024;08:50:18;     1854;        0;        0;
18-01-2024;08:50:28;     1857;        0;        0;
18-01-2024;08:50:38;     1858;       -0;       -0;
18-01-2024;08:50:48;     1863;        0;       -0;
18-01-2024;08:50:58;     1857;        0;       -0;
18-01-2024;08:51:08;     1862;        0;       -0;
18-01-2024;08:51:18;     1863;        0;       -0;
18-01-2024;08:51:28;     1873;        0;       -0;
18-01-2024;08:51:38;     1883;        0;       -0;
18-01-2024;08:51:48;     1897;       -0;       -0;
18-01-2024;08:51:58;     1902;        0;        0;
18-01-2024;08:52:08;     1761;        0;       -0;
18-01-2024;08:52:18;     1733;        0;       -0;
18-01-2024;08:52:28;     1717;        0;        0;
18-01-2024;08:52:38;     1716;       -0;       -0;
18-01-2024;08:52:48;     1721;        0;       -0;
18-01-2024;08:52:58;     1726;        0;       -0;
18-01-2024;08:53:08;     1730;       -0;       -0;
18-01-2024;08:53:18;     1740;        0;       -0;
18-01-2024;08:53:28;     1670;       -0;       -0;
18-01-2024;08:53:38;     1532;       -0;       -0;
18-01-2024;08:53:48;     1513;        0;       -0;
18-01-2024;08:53:58;     1529;        0;       -0;
18-01-2024;08:54:08;     1529;       -0;       -0;
18-01-2024;08:54:18;     1540;        0;       -0;
18-01-2024;08:54:28;     1543;        0;       -0;
18-01-2024;08:54:38;     1551;       -0;       -0;
18-01-2024;08:54:48;     1552;        0;       -0;
18-01-2024;08:54:58;     1554;       -0;        0;
18-01-2024;08:55:08;     1508;        0;       -0;
18-01-2024;08:55:18;     1374;        0;       -0;
18-01-2024;08:55:28;     1377;       -0;       -0;
18-01-2024;08:55:38;     1384;        0;       -0;
18-01-2024;08:55:48;     1392;        0;       -0;
18-01-2024;08:55:58;     1398;       -0;       -0;
18-01-2024;08:56:08;     1403;        0;       -0;
18-01-2024;08:56:18;     1412;        0;       -0;
18-01-2024;08:56:28;     1413;       -0;       -0;
18-01-2024;08:56:38;     1416;        0;       -0;
18-01-2024;08:56:48;     1415;       -0;       -0;
18-01-2024;08:56:58;     1413;       -0;       -0;
18-01-2024;08:57:08;     1239;       -0;       -0;
18-01-2024;08:57:18;     1230;        0;       -0;
18-01-2024;08:57:28;     1230;       -0;       -0;
18-01-2024;08:57:38;     1232;       -0;       -0;
18-01-2024;08:57:48;     1235;        0;       -0;
18-01-2024;08:57:58;     1231;       -0;       -0;
18-01-2024;08:58:08;     1230;        0;       -0;
18-01-2024;08:58:18;     1233;        0;       -0;
18-01-2024;08:58:28;     1230;        0;       -0;
18-01-2024;08:58:38;     1230;        0;       -0;
18-01-2024;08:58:48;     1236;       -0;       -0;
18-01-2024;08:58:58;     1164;       -0;       -0;
18-01-2024;08:59:08;     1086;        0;       -0;
18-01-2024;08:59:18;     1079;        0;       -0;
18-01-2024;08:59:28;     1080;        0;       -0;
18-01-2024;08:59:38;     1080;        0;       -0;
18-01-2024;08:59:48;     1084;        0;       -0;
18-01-2024;08:59:58;     1096;       -0;       -0;
18-01-2024;09:00:08;     1089;        0;       -0;
18-01-2024;09:00:18;     1095;       -0;       -0;
18-01-2024;09:00:28;     1101;        0;       -0;
18-01-2024;09:00:38;     1094;        0;       -0;
18-01-2024;09:00:48;      933;       -0;       -0;
18-01-2024;09:00:58;      919;        0;       -0;
18-01-2024;09:01:08;      918;       -0;       -0;
18-01-2024;09:01:18;      916;        0;       -0;
18-01-2024;09:01:28;      915;        0;       -0;
18-01-2024;09:01:38;      915;       -0;       -0;
18-01-2024;09:01:48;      915;       -0;       -0;
18-01-2024;09:01:58;      916;        0;       -0;
18-01-2024;09:02:08;      914;        0;       -0;
18-01-2024;09:02:18;      910;        0;       -0;
18-01-2024;09:02:28;      908;        0;       -0;
18-01-2024;09:02:38;      907;       -0;       -0;
18-01-2024;09:02:48;      906;       -0;       -0;
18-01-2024;09:02:58;      904;       -0;       -0;
18-01-2024;09:03:08;      902;       -0;       -0;
18-01-2024;09:03:18;      901;        0;       -0;
18-01-2024;09:03:28;      900;       -0;       -0;
18-01-2024;09:03:38;      900;        0;       -0;
18-01-2024;09:03:48;      897;       -0;       -0;
18-01-2024;09:03:58;      897;        0;       -0;
18-01-2024;09:04:08;      896;        0;       -0;
18-01-2024;09:04:18;      897;        0;       -0;
18-01-2024;09:04:28;      899;       -0;       -0;
18-01-2024;09:04:38;      903;        0;       -0;
18-01-2024;09:04:48;      900;        0;       -0;
18-01-2024;09:04:58;      894;        0;       -0;
18-01-2024;09:05:08;      905;        0;       -0;
18-01-2024;09:05:18;      897;        0;       -0;
18-01-2024;09:05:28;      898;       -0;       -0;
18-01-2024;09:05:38;      892;        0;       -0;
18-01-2024;09:05:48;      897;        0;       -0;
18-01-2024;09:05:58;      889;       -0;       -0;
18-01-2024;09:06:08;      902;        0;       -0;
18-01-2024;09:06:18;      897;       -0;       -0;
18-01-2024;09:06:28;      898;        0;       -0;
18-01-2024;09:06:38;      901;        0;       -0;
18-01-2024;09:06:48;      907;       -0;       -0;
18-01-2024;09:06:58;      886;        0;       -0;
18-01-2024;09:07:08;      895;        0;       -0;
18-01-2024;09:07:18;      913;        0;       -0;
18-01-2024;09:07:28;      921;        0;       -0;
18-01-2024;09:07:38;      940;        0;        0;
18-01-2024;09:07:48;      962;       -0;        0;
18-01-2024;09:07:58;      981;        0;       -0;
18-01-2024;09:08:08;      990;       -0;       -0;
18-01-2024;09:08:18;     1001;        0;       -0;
18-01-2024;09:08:28;     1015;        0;       -0;
18-01-2024;09:08:38;      995;        0;       -0;
18-01-2024;09:08:48;      967;       -0;       -0;
18-01-2024;09:08:58;      948;        0;       -0;
18-01-2024;09:09:08;      932;       -0;       -0;
18-01-2024;09:09:18;      924;        0;       -0;
18-01-2024;09:09:28;      915;        0;       -0;
18-01-2024;09:09:38;      913;        0;       -0;
18-01-2024;09:09:48;      908;       -0;       -0;
18-01-2024;09:09:58;      906;        0;       -0;
18-01-2024;09:10:08;      904;        0;       -0;
18-01-2024;09:10:18;      904;        0;       -0;
18-01-2024;09:10:28;      902;        0;       -0;
18-01-2024;09:10:38;      900;       -0;       -0;
18-01-2024;09:10:48;      901;       -0;       -0;
18-01-2024;09:10:58;      901;       -0;       -0;
18-01-2024;09:11:08;      901;        0;       -0;
18-01-2024;09:11:18;      901;       -0;       -0;
18-01-2024;09:11:28;      896;        0;       -0;
18-01-2024;09:11:38;      898;        0;       -0;
18-01-2024;09:11:48;      911;        0;       -0;
18-01-2024;09:11:58;      916;       -0;       -0;
18-01-2024;09:12:08;      921;       -0;       -0;
18-01-2024;09:12:18;      922;        0;       -0;
18-01-2024;09:12:28;      919;       -0;       -0;
18-01-2024;09:12:38;      927;       -0;       -0;
18-01-2024;09:12:48;      922;       -0;       -0;
18-01-2024;09:12:58;      917;        0;       -0;
18-01-2024;09:13:08;      917;        0;       -0;
18-01-2024;09:13:18;      918;        0;       -0;
18-01-2024;09:13:28;      914;        0;       -0;
18-01-2024;09:13:38;      913;        0;       -0;
18-01-2024;09:13:48;      911;        0;       -0;
18-01-2024;09:13:58;      911;        0;       -0;
18-01-2024;09:14:08;      910;       -0;       -0;
18-01-2024;09:14:18;      910;        0;       -0;
18-01-2024;09:14:28;      910;        0;       -0;
18-01-2024;09:14:38;      909;        0;       -0;
18-01-2024;09:14:48;      909;        0;       -0;
18-01-2024;09:14:58;      909;        0;       -0;
18-01-2024;09:15:08;      907;        0;       -0;
18-01-2024;09:15:18;      906;        0;       -0;
18-01-2024;09:15:28;      905;        0;       -0;
18-01-2024;09:15:38;      905;        0;       -0;
18-01-2024;09:15:48;      903;        0;       -0;
18-01-2024;09:15:58;      903;       -0;       -0;
18-01-2024;09:16:08;      902;        0;       -0;
18-01-2024;09:16:18;      902;        0;       -0;
18-01-2024;09:16:28;      901;        0;       -0;
18-01-2024;09:16:38;      900;       -0;       -0;
18-01-2024;09:16:48;      901;        0;       -0;
18-01-2024;09:16:58;      901;        0;       -0;
18-01-2024;09:17:08;      901;        0;       -0;
18-01-2024;09:17:18;      988;        0;       -0;
18-01-2024;09:17:28;     1321;        0;       -0;
18-01-2024;09:17:38;     1780;        0;       -0;
18-01-2024;09:17:48;     1685;        0;       -0;
18-01-2024;09:17:58;     1604;       -0;       -0;
18-01-2024;09:18:08;     1594;        0;       -0;
18-01-2024;09:18:18;     1498;        0;       -0;
18-01-2024;09:18:28;     1479;        0;       -0;
18-01-2024;09:18:38;     1512;        0;        0;
18-01-2024;09:18:48;     1299;       -0;       -0;
18-01-2024;09:18:58;     1048;        0;       -0;
18-01-2024;09:19:08;     1004;        0;       -0;
18-01-2024;09:19:18;      998;       -0;       -0;
18-01-2024;09:19:28;     1003;       -0;       -0;
18-01-2024;09:19:38;     1027;        0;       -0;
18-01-2024;09:19:48;     1142;        0;       -0;
18-01-2024;09:19:58;     1157;        0;       -0;
18-01-2024;09:20:08;     1179;       -0;       -0;
18-01-2024;09:20:18;     1177;        0;       -0;
18-01-2024;09:20:28;     1176;        0;        0;
18-01-2024;09:20:38;     1180;        0;       -0;
18-01-2024;09:20:48;     1195;        0;       -0;
18-01-2024;09:20:58;     1219;       -0;       -0;
18-01-2024;09:21:08;     1232;        0;        0;
18-01-2024;09:21:18;     1245;        0;       -0;
18-01-2024;09:21:28;     1112;       -0;       -0;
18-01-2024;09:21:38;     1095;       -0;       -0;
18-01-2024;09:21:48;     1091;        0;       -0;
18-01-2024;09:21:58;     1092;        0;       -0;
18-01-2024;09:22:08;     1081;        0;       -0;
18-01-2024;09:22:18;     1093;        0;       -0;
18-01-2024;09:22:28;     1121;       -0;       -0;
18-01-2024;09:22:38;     1152;       -0;       -0;
18-01-2024;09:22:48;     1168;        0;       -0;
18-01-2024;09:22:58;     1167;        0;       -0;
18-01-2024;09:23:08;     1162;       -0;       -0;
18-01-2024;09:23:18;     1043;        0;       -0;
18-01-2024;09:23:28;      967;        0;       -0;
18-01-2024;09:23:38;      959;        0;       -0;
18-01-2024;09:23:48;      963;        0;       -0;
18-01-2024;09:23:58;      959;        0;       -0;
18-01-2024;09:24:08;      948;        0;       -0;
18-01-2024;09:24:18;      936;        0;       -0;
18-01-2024;09:24:28;      926;        0;       -0;
18-01-2024;09:24:38;      922;        0;       -0;
18-01-2024;09:24:48;      915;        0;       -0;
18-01-2024;09:24:58;      911;       -0;       -0;
18-01-2024;09:25:08;      909;       -0;       -0;
18-01-2024;09:25:18;      909;        0;       -0;
18-01-2024;09:25:28;      907;       -0;       -0;
18-01-2024;09:25:38;      905;        0;       -0;
18-01-2024;09:25:48;      906;        0;        0;
18-01-2024;09:25:58;      905;       -0;       -0;
18-01-2024;09:26:08;      901;        0;       -0;
18-01-2024;09:26:18;      898;        0;        0;
18-01-2024;09:26:28;      901;       -0;       -0;
18-01-2024;09:26:38;      913;        0;       -0;
18-01-2024;09:26:48;      921;       -0;       -0;
18-01-2024;09:26:58;      928;        0;        0;
18-01-2024;09:27:08;      932;       -0;       -0;
18-01-2024;09:27:18;      925;        0;       -0;
18-01-2024;09:27:28;      924;        0;       -0;
18-01-2024;09:27:38;      925;       -0;       -0;
18-01-2024;09:27:48;      922;        0;       -0;
18-01-2024;09:27:58;      921;        0;       -0;
18-01-2024;09:28:08;      919;        0;       -0;
18-01-2024;09:28:18;      918;        0;       -0;
18-01-2024;09:28:28;      918;        0;       -0;
18-01-2024;09:28:38;      918;       -0;       -0;
18-01-2024;09:28:48;      919;        0;       -0;
18-01-2024;09:28:58;      918;        0;       -0;
18-01-2024;09:29:08;      921;        0;       -0;
18-01-2024;09:29:18;      920;       -0;       -0;
18-01-2024;09:29:28;      922;       -0;       -0;
18-01-2024;09:29:38;      922;        0;       -0;
18-01-2024;09:29:48;      922;        0;       -0;
18-01-2024;09:29:58;      923;        0;       -0;
18-01-2024;09:30:08;      923;        0;       -0;
18-01-2024;09:30:18;      922;       -0;       -0;
18-01-2024;09:30:28;      922;        0;       -0;
18-01-2024;09:30:38;      922;        0;       -0;
18-01-2024;09:30:48;      921;        0;       -0;
18-01-2024;09:30:58;      922;        0;       -0;
18-01-2024;09:31:08;      921;       -0;       -0;
18-01-2024;09:31:18;      921;        0;       -0;
18-01-2024;09:31:28;      920;        0;       -0;
18-01-2024;09:31:38;      919;        0;       -0;
18-01-2024;09:31:48;      918;        0;       -0;
18-01-2024;09:31:58;      915;        0;       -0;
18-01-2024;09:32:08;      911;       -0;       -0;
18-01-2024;09:32:18;      908;        0;       -0;
18-01-2024;09:32:28;      906;        0;       -0;
18-01-2024;09:32:38;      905;        0;       -0;
18-01-2024;09:32:48;      903;        0;       -0;
18-01-2024;09:32:58;      901;        0;       -0;
18-01-2024;09:33:08;      899;        0;       -0;
18-01-2024;09:33:18;      896;        0;       -0;
18-01-2024;09:33:28;      894;        0;       -0;
18-01-2024;09:33:38;      894;        0;       -0;
18-01-2024;09:33:48;      893;       -0;        0;
18-01-2024;09:33:58;      893;        0;       -0;
18-01-2024;09:34:08;      892;        0;       -0;
18-01-2024;09:34:18;      891;        0;       -0;
18-01-2024;09:34:28;      890;        0;       -0;
18-01-2024;09:34:38;      891;        0;       -0;
18-01-2024;09:34:48;      890;       -0;       -0;
18-01-2024;09:34:58;      891;        0;       -0;
18-01-2024;09:35:08;      890;        0;       -0;
18-01-2024;09:35:18;      890;        0;       -0;
18-01-2024;09:35:28;      889;        0;       -0;
18-01-2024;09:35:38;      890;       -0;       -0;
18-01-2024;09:35:48;      889;       -0;       -0;
18-01-2024;09:35:58;      890;        0;       -0;
18-01-2024;09:36:08;      886;        0;       -0;
18-01-2024;09:36:18;      882;        0;       -0;
18-01-2024;09:36:28;      880;        0;       -0;
18-01-2024;09:36:38;      878;        0;       -0;
18-01-2024;09:36:48;      877;        0;       -0;
18-01-2024;09:36:58;      875;        0;       -0;
18-01-2024;09:37:08;      881;        0;       -0;
18-01-2024;09:37:18;      880;        0;        0;
18-01-2024;09:37:28;      882;        0;       -0;
18-01-2024;09:37:38;      883;        0;       -0;
18-01-2024;09:37:48;      884;        0;       -0;
18-01-2024;09:37:58;      889;        0;       -0;
18-01-2024;09:38:08;      886;        0;       -0;
18-01-2024;09:38:18;      888;       -0;       -0;
18-01-2024;09:38:28;      892;        0;       -0;
18-01-2024;09:38:38;      894;        0;        0;
18-01-2024;09:38:48;      896;        0;       -0;
18-01-2024;09:38:58;      898;       -0;       -0;
18-01-2024;09:39:08;     1070;        0;        0;
18-01-2024;09:39:18;     1492;       -0;       -0;
18-01-2024;09:39:28;     1702;        0;       -0;
18-01-2024;09:39:38;     1607;        0;       -0;
18-01-2024;09:39:48;     1619;       -0;       -0;
18-01-2024;09:39:58;     1530;        0;        0;
18-01-2024;09:40:08;     1484;        0;       -0;
18-01-2024;09:40:18;     1435;       -0;       -0;
18-01-2024;09:40:28;     1465;        0;       -0;
18-01-2024;09:40:38;     1201;        0;       -0;
18-01-2024;09:40:48;     1019;       -0;       -0;
18-01-2024;09:40:58;      994;       -0;       -0;
18-01-2024;09:41:08;      995;        0;       -0;
18-01-2024;09:41:18;     1128;        0;       -0;
18-01-2024;09:41:28;     1143;        0;       -0;
18-01-2024;09:41:38;     1152;        0;       -0;
18-01-2024;09:41:48;     1156;        0;       -0;
18-01-2024;09:41:58;     1164;        0;       -0;
18-01-2024;09:42:08;     1165;       -0;       -0;
18-01-2024;09:42:18;     1168;        0;        0;
18-01-2024;09:42:28;     1172;       -0;       -0;
18-01-2024;09:42:38;     1182;        0;       -0;
18-01-2024;09:42:48;     1199;        0;       -0;
18-01-2024;09:42:58;     1212;        0;       -0;
18-01-2024;09:43:08;     1226;        0;       -0;
18-01-2024;09:43:18;     1235;        0;       -0;
18-01-2024;09:43:28;     1228;        0;        0;
18-01-2024;09:43:38;     1217;        0;        0;
18-01-2024;09:43:48;     1096;        0;       -0;
18-01-2024;09:43:58;     1085;        0;       -0;
18-01-2024;09:44:08;     1084;        0;       -0;
18-01-2024;09:44:18;     1095;        0;       -0;
18-01-2024;09:44:28;     1122;        0;       -0;
18-01-2024;09:44:38;     1139;        0;       -0;
18-01-2024;09:44:48;     1143;       -0;       -0;
18-01-2024;09:44:58;     1143;        0;       -0;
18-01-2024;09:45:08;     1129;        0;       -0;
18-01-2024;09:45:18;     1128;        0;       -0;
18-01-2024;09:45:28;      965;        0;       -0;
18-01-2024;09:45:38;      947;        0;       -0;
18-01-2024;09:45:48;      941;        0;       -0;
18-01-2024;09:45:58;      940;        0;        0;
18-01-2024;09:46:08;      929;        0;       -0;
18-01-2024;09:46:18;      925;       -0;       -0;
18-01-2024;09:46:28;      917;        0;       -0;
18-01-2024;09:46:38;      913;        0;       -0;
18-01-2024;09:46:48;      912;        0;       -0;
18-01-2024;09:46:58;      905;        0;       -0;
18-01-2024;09:47:08;      901;        0;       -0;
18-01-2024;09:47:18;      900;        0;       -0;
18-01-2024;09:47:28;      899;        0;       -0;
18-01-2024;09:47:38;      900;        0;       -0;
18-01-2024;09:47:48;      894;        0;       -0;
18-01-2024;09:47:58;      890;        0;       -0;
18-01-2024;09:48:08;      884;        0;       -0;
18-01-2024;09:48:18;      884;        0;       -0;
18-01-2024;09:48:28;      887;        0;       -0;
18-01-2024;09:48:38;      898;       -0;       -0;
18-01-2024;09:48:48;      916;        0;       -0;
18-01-2024;09:48:58;     1053;        0;       -0;
18-01-2024;09:49:08;     1339;        0;       -0;
18-01-2024;09:49:18;     1704;        0;       -0;
18-01-2024;09:49:28;     2066;        0;       -0;
18-01-2024;09:49:38;     2498;        0;       -0;
18-01-2024;09:49:48;     2750;        0;        0;
18-01-2024;09:49:58;     2713;        0;       -0;
18-01-2024;09:50:08;     2575;        0;       -0;
18-01-2024;09:50:18;     2160;       -0;       -0;
18-01-2024;09:50:28;     1946;        0;       -0;
18-01-2024;09:50:38;     1942;        0;       -0;
18-01-2024;09:50:48;     1945;        0;       -0;
18-01-2024;09:50:58;     1944;       -0;       -0;
18-01-2024;09:51:08;     1938;        0;       -0;
18-01-2024;09:51:18;     1942;        0;        0;
18-01-2024;09:51:28;     1938;        0;       -0;
18-01-2024;09:51:38;     2200;        0;       -0;
18-01-2024;09:51:48;     2222;        0;        0;
18-01-2024;09:51:58;     2221;        0;       -0;
18-01-2024;09:52:08;     2226;        0;        0;
18-01-2024;09:52:18;     2237;        0;       -0;
18-01-2024;09:52:28;     2249;        0;       -0;
18-01-2024;09:52:38;     2250;        0;       -0;
18-01-2024;09:52:48;     2256;        0;       -0;
18-01-2024;09:52:58;     2251;        0;        0;
18-01-2024;09:53:08;     2258;        0;       -0;
18-01-2024;09:53:18;     2247;        0;       -0;
18-01-2024;09:53:28;     2249;       -0;       -0;
18-01-2024;09:53:38;     2264;        0;       -0;
18-01-2024;09:53:48;     2301;        0;       -0;
18-01-2024;09:53:58;     2349;       -0;       -0;
18-01-2024;09:54:08;     2404;        0;       -0;
18-01-2024;09:54:18;     2430;        0;       -0;
18-01-2024;09:54:28;     2498;        0;        0;
18-01-2024;09:54:38;     2535;        0;       -0;
18-01-2024;09:54:48;     2544;        0;       -0;
18-01-2024;09:54:58;     2553;        0;        0;
18-01-2024;09:55:08;     2551;        0;       -0;
18-01-2024;09:55:18;     2542;        0;        0;
18-01-2024;09:55:28;     2535;        0;        0;
18-01-2024;09:55:38;     2539;        0;       -0;
18-01-2024;09:55:48;     2533;        0;       -0;
18-01-2024;09:55:58;     2539;        0;       -0;
18-01-2024;09:56:08;     2538;        0;       -0;
18-01-2024;09:56:18;     2543;        0;       -0;
18-01-2024;09:56:28;     2540;        0;        0;
18-01-2024;09:56:38;     2537;        0;       -0;
18-01-2024;09:56:48;     2549;       -0;       -0;
18-01-2024;09:56:58;     2553;        0;        0;
18-01-2024;09:57:08;     2557;        0;        0;
18-01-2024;09:57:18;     2513;       -0;       -0;
18-01-2024;09:57:28;     2029;        0;       -0;
18-01-2024;09:57:38;     1612;        0;       -0;
18-01-2024;09:57:48;     1266;       -0;       -0;
18-01-2024;09:57:58;      983;       -0;       -0;
18-01-2024;09:58:08;      905;        0;       -0;
18-01-2024;09:58:18;      435;        0;       -0;
18-01-2024;09:58:28;      391;        0;       -0;
18-01-2024;09:58:38;      431;        0;       -0;
18-01-2024;09:58:48;      573;        0;        0;
18-01-2024;09:58:58;      835;        0;       -0;
18-01-2024;09:59:08;     1223;        0;       -0;
18-01-2024;09:59:18;     1417;        0;        0;
18-01-2024;09:59:28;     1320;        0;       -0;
18-01-2024;09:59:38;     1035;        0;        0;
18-01-2024;09:59:48;      927;        0;       -0;
18-01-2024;09:59:58;      893;        0;       -0;
18-01-2024;10:00:08;      389;        0;       -0;
18-01-2024;10:00:18;      617;        0;       -0;
18-01-2024;10:00:28;      958;        0;        0;
18-01-2024;10:00:38;     1217;        0;       -0;
18-01-2024;10:00:48;     1623;        0;       -0;
18-01-2024;10:00:58;     1899;        0;       -0;
18-01-2024;10:01:08;     2461;        0;       -0;
18-01-2024;10:01:18;     2653;        0;       -0;
18-01-2024;10:01:28;     2643;        0;       -0;
18-01-2024;10:01:38;     2765;        0;       -0;
18-01-2024;10:01:48;     2743;        0;       -0;
18-01-2024;10:01:58;     2782;        0;       -0;
18-01-2024;10:02:08;     2649;        0;       -0;
18-01-2024;10:02:18;     2465;        0;       -0;
18-01-2024;10:02:28;     2037;       -0;       -0;
18-01-2024;10:02:38;     1558;        0;       -0;
18-01-2024;10:02:48;     1211;       -0;       -0;
18-01-2024;10:02:58;      999;       -0;       -0;
18-01-2024;10:03:08;     1038;        0;       -0;
18-01-2024;10:03:18;     1170;        0;       -0;
18-01-2024;10:03:28;     1160;       -0;       -0;
18-01-2024;10:03:38;     1152;       -0;       -0;
18-01-2024;10:03:48;     1251;       -0;       -0;
18-01-2024;10:03:58;     1385;       -0;       -0;
18-01-2024;10:04:08;     1341;        0;       -0;
18-01-2024;10:04:18;     1340;       -0;       -0;
18-01-2024;10:04:28;     1344;       -0;       -0;
18-01-2024;10:04:38;     1355;        0;       -0;
18-01-2024;10:04:48;     1355;        0;       -0;
18-01-2024;10:04:58;     1400;       -0;       -0;
18-01-2024;10:05:08;     1381;       -0;       -0;
18-01-2024;10:05:18;     1375;       -0;       -0;
18-01-2024;10:05:28;     1220;       -0;       -0;
18-01-2024;10:05:38;     1196;        0;       -0;
18-01-2024;10:05:48;     1187;        0;       -0;
18-01-2024;10:05:58;     1191;        0;       -0;
18-01-2024;10:06:08;     1190;        0;       -0;
18-01-2024;10:06:18;     1197;        0;       -0;
18-01-2024;10:06:28;     1197;       -0;       -0;
18-01-2024;10:06:38;     1201;       -0;       -0;
18-01-2024;10:06:48;     1200;        0;       -0;
18-01-2024;10:06:58;     1203;        0;        0;
18-01-2024;10:07:08;     1195;        0;       -0;
18-01-2024;10:07:18;     1194;        0;       -0;
18-01-2024;10:07:28;     1187;       -0;       -0;
18-01-2024;10:07:38;     1199;       -0;       -0;
18-01-2024;10:07:48;     1195;        0;       -0;
18-01-2024;10:07:58;     1203;        0;       -0;
18-01-2024;10:08:08;     1199;        0;       -0;
18-01-2024;10:08:18;     1200;       -0;       -0;
18-01-2024;10:08:28;     1201;        0;       -0;
18-01-2024;10:08:38;     1203;        0;       -0;
18-01-2024;10:08:48;     1207;        0;       -0;
18-01-2024;10:08:58;     1202;       -0;       -0;
18-01-2024;10:09:08;     1135;        0;       -0;
18-01-2024;10:09:18;     1060;        0;       -0;
18-01-2024;10:09:28;     1052;        0;       -0;
18-01-2024;10:09:38;     1053;       -0;       -0;
18-01-2024;10:09:48;     1052;        0;       -0;
18-01-2024;10:09:58;     1047;        0;       -0;
18-01-2024;10:10:08;     1052;        0;       -0;
18-01-2024;10:10:18;     1050;        0;       -0;
18-01-2024;10:10:28;     1052;        0;       -0;
18-01-2024;10:10:38;     1048;        0;       -0;
18-01-2024;10:10:48;     1051;        0;        0;
18-01-2024;10:10:58;     1054;        0;       -0;
18-01-2024;10:11:08;     1060;        0;       -0;
18-01-2024;10:11:18;     1055;        0;        0;
18-01-2024;10:11:28;     1056;        0;        0;
18-01-2024;10:11:38;     1057;        0;        0;
18-01-2024;10:11:48;     1056;        0;       -0;
18-01-2024;10:11:58;     1054;        0;       -0;
18-01-2024;10:12:08;     1058;        0;       -0;
18-01-2024;10:12:18;     1061;        0;       -0;
18-01-2024;10:12:28;      934;        0;       -0;
18-01-2024;10:12:38;      789;        0;       -0;
18-01-2024;10:12:48;      254;        0;       -0;
18-01-2024;10:13:48;       27;        0;       -0;
18-01-2024;10:14:48;       24;        0;       -0;
18-01-2024;10:15:48;       12;        0;       -0;
18-01-2024;10:16:48;       11;        0;       -0;
18-01-2024;10:17:48;       11;       -0;       -0;
18-01-2024;10:18:48;       12;        0;       -0;
18-01-2024;10:19:48;       12;        0;       -0;
18-01-2024;10:20:48;       12;        0;       -0;
18-01-2024;10:21:48;       22;        0;       -0;
18-01-2024;10:22:48;       11;       -0;       -0;
18-01-2024;10:23:48;       11;       -0;       -0;
18-01-2024;10:24:48;       12;        0;       -0;
18-01-2024;10:25:48;       11;        0;       -0;
18-01-2024;10:26:48;       12;        0;       -0;
18-01-2024;10:27:48;       22;        0;       -0;
18-01-2024;10:28:48;       12;       -0;       -0;
18-01-2024;10:29:48;       12;        0;       -0;
18-01-2024;10:30:48;       11;        0;       -0;
18-01-2024;10:31:48;       19;        0;       -0;
18-01-2024;10:32:48;       12;        0;       -0;
18-01-2024;10:33:48;       11;        0;       -0;
18-01-2024;10:34:48;       22;        0;       -0;
18-01-2024;10:35:48;       12;        0;        0;
18-01-2024;10:36:48;       12;        0;       -0;
18-01-2024;10:37:48;       12;        0;       -0;
18-01-2024;10:38:48;       22;        0;       -0;
18-01-2024;10:39:48;       20;        0;        0;
18-01-2024;10:40:48;       12;        0;       -0;
18-01-2024;10:41:48;       12;        0;       -0;
18-01-2024;10:42:48;       11;        0;       -0;
18-01-2024;10:43:48;       12;        0;       -0;
18-01-2024;10:44:48;       11;        0;       -0;
18-01-2024;10:45:48;       12;       -0;       -0;
18-01-2024;10:46:48;       11;        0;       -0;
18-01-2024;10:47:48;       12;        0;       -0;
18-01-2024;10:48:48;       11;        0;       -0;
18-01-2024;10:49:48;       12;        0;       -0;
18-01-2024;10:50:48;       12;        0;       -0;
18-01-2024;10:51:48;       22;        0;        0;
18-01-2024;10:52:48;       12;        0;       -0;
18-01-2024;10:53:48;       11;        0;       -0;
18-01-2024;10:54:48;       12;        0;        0;
18-01-2024;10:55:48;       12;        0;        0;
18-01-2024;10:56:48;       11;        0;        0;
18-01-2024;10:57:48;       11;        0;       -0;
18-01-2024;10:58:48;       11;        0;       -0;
18-01-2024;10:59:48;       12;        0;       -0;
18-01-2024;11:00:48;       11;        0;       -0;
18-01-2024;11:01:48;       21;        0;       -0;
18-01-2024;11:02:48;       11;        0;       -0;
18-01-2024;11:03:48;       22;        0;       -0;
18-01-2024;11:04:48;       11;       -0;       -0;
18-01-2024;11:05:48;       11;        0;       -0;
18-01-2024;11:06:48;       12;        0;       -0;
18-01-2024;11:07:48;       22;        0;       -0;
18-01-2024;11:08:48;       13;        0;       -0;
18-01-2024;11:09:48;       11;        0;       -0;
18-01-2024;11:10:48;       21;        0;       -0;
18-01-2024;11:11:48;       11;        0;       -0;
18-01-2024;11:12:48;       12;        0;       -0;
18-01-2024;11:13:48;       12;        0;       -0;
18-01-2024;11:14:48;       22;        0;       -0;
18-01-2024;11:15:48;       11;       -0;       -0;
18-01-2024;11:16:48;       12;        0;       -0;
18-01-2024;11:17:48;       12;        0;       -0;
18-01-2024;11:18:48;       22;        0;       -0;
18-01-2024;11:19:48;       13;        0;       -0;
18-01-2024;11:20:48;       12;        0;       -0;
18-01-2024;11:21:48;       21;        0;       -0;
18-01-2024;11:22:48;       12;        0;       -0;
18-01-2024;11:23:48;       22;       -0;       -0;
18-01-2024;11:24:48;       18;        0;       -0;
18-01-2024;11:25:48;       22;        0;       -0;
