Tecomat F2x CP2007I v2.3.061 DataLogger v1.3 (2024-01-11-00:00:00) : Datalog / TC1 ! Type : PERIODIC | DATE : %TDD-MM-YYYY | TIME : %Thh:mm:ss | REAL : %5.1f %RF060406 | REAL : %5.1f %RF060410 | REAL : %5.1f %RF060418 | INT : %5.1d %RW059764 | REAL : %5.1f %RF060414 | INT : %5.1d %RW059762 | REAL : %5.1f %RF060398 | REAL : %5.1f %RF060394 | REAL : %5.1f %RF060390 | REAL : %5.1f %RF060402 | REAL : %5.1f %RF060422 | REAL : %5.1f %RF061477 | INT : %5.1d %RW059732 | INT : %5d %RW059736 | REAL : %7.3f %RF060997 | STRING : %.20s %R057414 | ,;
DATUM;ÈAS;TC1 vystup;TC1 zpatecka;TC1 kond;TC1 tlak kond;TC1 vypar;TC1 tlak vypar;TC1 pr. pary;TC1 vyparnik 1;TC1 venkovni;TC1 sani;TC1 preh.v sani;TC1 otevr.EEV;TC1 proud;TC1 ot.komp.;TC1 prutok;stav TC1
11-01-2024;00:00:00; 26,3; 24,7;  8,5;  9,4;  9,2;  9,6; 16,9;  9,4;  9,1; 15,8;  6,6; 46,0;  0,0;    0;  0,000;pøipraven;
11-01-2024;00:01:00; 26,2; 24,6;  8,5;  9,4;  9,2;  9,6; 16,9;  9,3;  8,7; 15,8;  6,6; 46,0;  0,0;    0;  0,000;pøipraven;
11-01-2024;00:02:00; 26,1; 24,5;  8,5;  9,4;  9,2;  9,6; 16,9;  9,2;  8,9; 15,7;  6,5; 46,0;  0,0;    0;  0,000;pøipraven;
11-01-2024;00:03:00; 26,0; 24,4;  8,5;  9,4;  9,2;  9,6; 16,7;  9,3;  9,5; 15,7;  6,5; 46,0;  0,1;    0;  0,000;pøipraven;
11-01-2024;00:04:00; 26,0; 24,3;  8,5;  9,4;  9,2;  9,6; 16,7;  9,3;  9,5; 15,7;  6,5; 46,0;  0,0;    0;  0,000;pøipraven;
11-01-2024;00:05:00; 25,9; 24,2;  8,5;  9,4;  9,2;  9,6; 16,7;  9,4;  9,2; 15,7;  6,5; 46,0;  0,0;    0;  0,000;pøipraven;
11-01-2024;00:06:00; 25,7; 24,1;  8,5;  9,4;  9,2;  9,6; 16,5;  9,3;  8,8; 15,7;  6,5; 46,0;  0,0;    0;  0,000;pøipraven;
11-01-2024;00:07:00; 25,7; 24,0;  8,5;  9,4;  9,2;  9,6; 16,5;  9,2;  8,8; 15,6;  6,3; 46,0;  0,0;    0;  0,000;pøipraven;
11-01-2024;00:08:00; 25,6; 23,9;  8,5;  9,4;  9,2;  9,6; 16,5;  9,3;  9,5; 15,6;  6,3; 46,0;  0,1;    0;  0,000;pøipraven;
11-01-2024;00:09:00; 25,5; 23,9;  8,5;  9,4;  9,5;  9,7; 16,5;  9,3;  9,8; 15,6;  6,0; 46,0;  0,1;    0;  0,000;pøipraven;
11-01-2024;00:10:00; 25,4; 23,8;  8,5;  9,4;  9,5;  9,7; 16,5;  9,5;  9,7; 15,6;  6,0; 46,0;  0,0;    0;  0,000;pøipraven;
11-01-2024;00:11:00; 25,3; 23,7;  8,5;  9,4;  9,5;  9,7; 16,3;  9,5;  9,5; 15,6;  6,0; 46,0;  0,0;    0;  0,000;pøipraven;
11-01-2024;00:12:00; 25,2; 23,6;  8,5;  9,4;  9,5;  9,7; 16,3;  9,5;  9,2; 15,6;  6,0; 46,0;  0,0;    0;  0,000;pøipraven;
11-01-2024;00:13:00; 25,1; 23,5;  8,5;  9,4;  9,5;  9,7; 16,3;  9,5;  9,0; 15,6;  6,0; 46,0;  0,0;    0;  0,000;pøipraven;
11-01-2024;00:14:00; 25,0; 23,4;  8,5;  9,4;  9,5;  9,7; 16,3;  9,5;  9,3; 15,5;  5,9; 46,0;  0,0;    0;  0,000;pøipraven;
11-01-2024;00:15:00; 25,0; 23,4;  8,5;  9,4;  9,5;  9,7; 16,1;  9,5;  9,8; 15,5;  5,9; 46,0;  0,0;    0;  0,000;pøipraven;
11-01-2024;00:16:00; 24,9; 23,3;  8,5;  9,4;  9,5;  9,7; 16,1;  9,6;  9,7; 15,4;  5,8; 46,0;  0,1;    0;  0,000;pøipraven;
11-01-2024;00:17:00; 24,8; 23,2;  8,5;  9,4;  9,5;  9,7; 16,1;  9,6;  9,5; 15,2;  5,7; 46,0;  0,0;    0;  0,000;pøipraven;
11-01-2024;00:18:00; 24,7; 23,1;  8,5;  9,4;  9,5;  9,7; 16,1;  9,6;  9,0; 15,1;  5,6; 46,0;  0,0;    0;  0,000;pøipraven;
11-01-2024;00:19:00; 24,6; 23,1;  8,5;  9,4;  9,5;  9,7; 15,9;  9,5;  9,0; 15,0;  5,5; 46,0;  0,1;    0;  0,000;pøipraven;
11-01-2024;00:20:00; 24,5; 23,0;  8,5;  9,4;  9,5;  9,7; 15,9;  9,5;  9,5; 14,9;  5,4; 46,0;  0,0;    0;  0,000;pøipraven;
11-01-2024;00:21:00; 24,4; 22,9;  8,5;  9,4;  9,5;  9,7; 15,9;  9,5;  9,8; 14,9;  5,4; 46,0;  0,0;    0;  0,000;pøipraven;
11-01-2024;00:22:00; 24,4; 22,8;  8,5;  9,4;  9,5;  9,7; 15,9;  9,6;  9,7; 14,8;  5,3; 46,0;  0,0;    0;  0,000;pøipraven;
11-01-2024;00:23:00; 24,3; 22,7;  8,5;  9,4;  9,8;  9,8; 15,9;  9,6;  9,4; 14,7;  4,9; 46,0;  0,0;    0;  0,000;pøipraven;
11-01-2024;00:24:00; 24,2; 22,7;  8,5;  9,4;  9,5;  9,7; 15,7;  9,6;  9,1; 14,7;  5,2; 46,0;  0,0;    0;  0,000;pøipraven;
11-01-2024;00:25:00; 24,1; 22,6;  8,5;  9,4;  9,5;  9,7; 15,7;  9,6;  9,4; 14,6;  5,1; 46,0;  0,0;    0;  0,000;pøipraven;
11-01-2024;00:26:00; 24,0; 22,5;  8,5;  9,4;  9,8;  9,8; 15,7;  9,6;  9,9; 14,6;  4,8; 46,0;  0,0;    0;  0,000;pøipraven;
11-01-2024;00:27:00; 24,0; 22,5;  8,8;  9,5;  9,8;  9,8; 15,7;  9,6; 10,1; 14,5;  4,7; 46,0;  0,0;    0;  0,000;pøipraven;
11-01-2024;00:28:00; 23,9; 22,4;  8,8;  9,5;  9,8;  9,8; 15,5;  9,7;  9,9; 14,5;  4,7; 46,0;  0,0;    0;  0,000;pøipraven;
11-01-2024;00:29:00; 23,8; 22,3;  8,8;  9,5;  9,8;  9,8; 15,5;  9,7;  9,6; 14,4;  4,6; 46,0;  0,0;    0;  0,000;pøipraven;
11-01-2024;00:30:00; 23,7; 22,2;  8,8;  9,5;  9,8;  9,8; 15,5;  9,7;  9,4; 14,4;  4,6; 46,0;  0,0;    0;  0,000;pøipraven;
11-01-2024;00:31:00; 23,6; 22,2;  8,8;  9,5;  9,8;  9,8; 15,5;  9,6;  9,3; 14,3;  4,5; 46,0;  0,1;    0;  0,000;pøipraven;
11-01-2024;00:32:00; 23,6; 22,1;  8,8;  9,5;  9,8;  9,8; 15,3;  9,6;  9,7; 14,3;  4,5; 46,0;  0,0;    0;  0,000;pøipraven;
11-01-2024;00:33:00; 23,5; 22,0;  8,8;  9,5;  9,8;  9,8; 15,3;  9,7; 10,0; 14,3;  4,5; 46,0;  0,0;    0;  0,000;pøipraven;
11-01-2024;00:34:00; 23,4; 22,0;  8,8;  9,5;  9,8;  9,8; 15,3;  9,7;  9,8; 14,2;  4,4; 60,0;  0,0;    0;  0,000;pøipraven;
11-01-2024;00:35:00; 23,4; 21,9;  8,8;  9,5;  9,8;  9,8; 15,3;  9,7;  9,4; 14,2;  4,4; 60,0;  0,0;    0;  0,000;pøipraven;
11-01-2024;00:36:00; 23,3; 21,9;  8,8;  9,5;  9,8;  9,8; 15,3;  9,7;  9,3; 14,2;  4,4; 46,0;  0,0;    0;  0,000;pøipraven;
11-01-2024;00:37:00; 23,2; 21,8;  8,8;  9,5;  9,8;  9,8; 15,1;  9,6;  9,6; 14,1;  4,3; 46,0;  0,0;    0;  0,000;pøipraven;
11-01-2024;00:38:00; 23,1; 21,7;  8,8;  9,5;  9,8;  9,8; 15,1;  9,7; 10,1; 14,1;  4,3; 46,0;  0,0;    0;  0,000;pøipraven;
11-01-2024;00:39:00; 23,0; 21,7;  8,8;  9,5;  9,8;  9,8; 15,1;  9,7; 10,0; 14,1;  4,3; 60,0;  0,0;    0;  0,000;pøipraven;
11-01-2024;00:40:00; 23,0; 21,6;  8,8;  9,5;  9,8;  9,8; 15,1;  9,8;  9,6; 14,1;  4,2; 51,8;  0,0;    0;  0,000;pøipraven;
11-01-2024;00:41:00; 22,9; 21,6;  8,8;  9,5;  9,8;  9,8; 15,1;  9,7;  9,4; 14,1;  4,2; 46,0;  0,0;    0;  0,000;pøipraven;
11-01-2024;00:42:00; 22,8; 21,5;  8,8;  9,5;  9,8;  9,8; 14,9;  9,7;  9,5; 14,1;  4,2; 46,0;  0,0;    0;  0,000;pøipraven;
11-01-2024;00:43:00; 22,8; 21,5;  8,8;  9,5;  9,8;  9,8; 14,9;  9,7; 10,1; 13,9;  4,1; 46,0;  0,0;    0;  0,000;pøipraven;
11-01-2024;00:44:00; 22,7; 21,4;  9,1;  9,6;  9,8;  9,8; 14,9;  9,8; 10,3; 13,9;  4,1; 46,0;  0,0;    0;  0,000;pøipraven;
11-01-2024;00:45:00; 22,6; 21,3;  9,1;  9,6;  9,8;  9,8; 14,9;  9,9; 10,2; 13,9;  4,1; 60,0;  0,1;    0;  0,000;pøipraven;
11-01-2024;00:46:00; 22,6; 21,3;  9,1;  9,6;  9,8;  9,8; 14,9;  9,9;  9,9; 13,9;  4,1; 60,0;  0,1;    0;  0,000;pøipraven;
11-01-2024;00:47:00; 22,5; 21,2;  9,1;  9,6;  9,8;  9,8; 14,9;  9,9;  9,6; 13,9;  4,1; 60,0;  0,0;    0;  0,000;pøipraven;
11-01-2024;00:48:00; 22,4; 21,2;  9,1;  9,6;  9,8;  9,8; 14,9;  9,8;  9,5; 13,9;  4,0; 46,0;  0,0;    0;  0,000;pøipraven;
11-01-2024;00:49:00; 22,3; 21,1;  9,1;  9,6;  9,8;  9,8; 14,7;  9,8;  9,7; 13,9;  4,0; 46,0;  0,0;    0;  0,000;pøipraven;
11-01-2024;00:50:00; 22,3; 21,1;  9,1;  9,6;  9,8;  9,8; 14,7;  9,8; 10,0; 13,9;  4,0; 46,0;  0,0;    0;  0,000;pøipraven;
11-01-2024;00:51:00; 22,2; 21,0;  9,1;  9,6;  9,8;  9,9; 14,7;  9,9;  9,9; 13,9;  4,0; 60,0;  0,0;    0;  0,000;pøipraven;
11-01-2024;00:52:00; 22,1; 21,0;  9,1;  9,6;  9,8;  9,8; 14,7;  9,8;  9,5; 13,8;  3,9; 60,0;  0,0;    0;  0,000;pøipraven;
11-01-2024;00:53:00; 22,1; 20,9;  9,1;  9,6;  9,8;  9,8; 14,7;  9,8;  9,4; 13,8;  3,9; 46,0;  0,0;    0;  0,000;pøipraven;
11-01-2024;00:54:00; 22,0; 20,9;  9,1;  9,6;  9,8;  9,8; 14,7;  9,7;  9,8; 13,8;  3,9; 46,0;  0,0;    0;  0,000;pøipraven;
11-01-2024;00:55:00; 21,9; 20,8;  9,1;  9,6; 10,2;  9,9; 14,4;  9,8; 10,3; 13,8;  3,6; 46,0;  0,0;    0;  0,000;pøipraven;
11-01-2024;00:56:00; 21,9; 20,8;  9,1;  9,6; 10,2;  9,9; 14,4;  9,9; 10,2; 13,8;  3,6; 46,0;  0,0;    0;  0,000;pøipraven;
11-01-2024;00:57:00; 21,8; 20,7;  9,1;  9,6; 10,2;  9,9; 14,4; 10,0;  9,9; 13,7;  3,5; 60,0;  0,0;    0;  0,000;pøipraven;
11-01-2024;00:58:00; 21,7; 20,6;  9,1;  9,6; 10,2;  9,9; 14,4;  9,9;  9,6; 13,7;  3,5; 60,0;  0,0;    0;  0,000;pøipraven;
11-01-2024;00:59:00; 21,7; 20,6;  9,1;  9,6; 10,2;  9,9; 14,4;  9,9;  9,6; 13,7;  3,5; 46,0;  0,0;    0;  0,000;pøipraven;
11-01-2024;01:00:00; 21,6; 20,5;  9,1;  9,6; 10,2;  9,9; 14,4;  9,9; 10,1; 13,7;  3,5; 46,0;  0,0;    0;  0,000;pøipraven;
11-01-2024;01:01:00; 21,6; 20,5;  9,1;  9,6; 10,2;  9,9; 14,4;  9,9; 10,3; 13,7;  3,5; 46,0;  0,0;    0;  0,000;pøipraven;
11-01-2024;01:02:00; 21,5; 20,5;  9,1;  9,6; 10,2;  9,9; 14,4; 10,0; 10,2; 13,6;  3,4; 60,0;  0,0;    0;  0,000;pøipraven;
11-01-2024;01:03:00; 21,4; 20,4;  9,1;  9,6; 10,2;  9,9; 14,4; 10,0;  9,9; 13,6;  3,4; 60,0;  0,0;    0;  0,000;pøipraven;
11-01-2024;01:04:00; 21,4; 20,4;  9,1;  9,6; 10,2;  9,9; 14,2; 10,0;  9,6; 13,6;  3,4; 60,0;  0,0;    0;  0,000;pøipraven;
11-01-2024;01:05:00; 21,3; 20,3;  9,1;  9,6; 10,2;  9,9; 14,2;  9,9;  9,7; 13,6;  3,4; 46,0;  0,0;    0;  0,000;pøipraven;
11-01-2024;01:06:00; 21,2; 20,3;  9,1;  9,6; 10,2;  9,9; 14,2; 10,0; 10,2; 13,6;  3,4; 60,0;  0,1;    0;  0,000;pøipraven;
11-01-2024;01:07:00; 21,2; 20,3;  9,1;  9,6; 10,2;  9,9; 14,2; 10,0; 10,3; 13,6;  3,4; 60,0;  0,0;    0;  0,000;pøipraven;
11-01-2024;01:08:00; 21,1; 20,2;  9,1;  9,6; 10,2;  9,9; 14,2; 10,1;  9,9; 13,6;  3,4; 60,0;  0,0;    0;  0,000;pøipraven;
11-01-2024;01:09:00; 21,1; 20,2;  9,1;  9,6; 10,2;  9,9; 14,2; 10,0;  9,6; 13,5;  3,3; 46,0;  0,0;    0;  0,000;pøipraven;
11-01-2024;01:10:00; 21,0; 20,1;  9,1;  9,6; 10,2;  9,9; 14,2;  9,9;  9,7; 13,5;  3,3; 46,0;  0,1;    0;  0,000;pøipraven;
11-01-2024;01:11:00; 20,9; 20,1;  9,1;  9,6; 10,2;  9,9; 14,2; 10,0; 10,3; 13,5;  3,3; 46,0;  0,1;    0;  0,000;pøipraven;
11-01-2024;01:12:00; 20,9; 20,0;  9,1;  9,6; 10,2;  9,9; 14,2; 10,0; 10,5; 13,5;  3,3; 46,0;  0,0;    0;  0,000;pøipraven;
11-01-2024;01:13:00; 20,8; 20,0;  9,1;  9,6; 10,2;  9,9; 14,0; 10,1; 10,4; 13,5;  3,3; 60,0;  0,0;    0;  0,000;pøipraven;
11-01-2024;01:14:00; 20,8; 19,9;  9,1;  9,6; 10,2;  9,9; 14,0; 10,1; 10,1; 13,5;  3,3; 60,0;  0,0;    0;  0,000;pøipraven;
11-01-2024;01:15:00; 20,7; 19,9;  9,1;  9,6; 10,2;  9,9; 14,0; 10,1;  9,9; 13,5;  3,3; 60,0;  0,0;    0;  0,000;pøipraven;
11-01-2024;01:16:00; 20,6; 19,8;  9,1;  9,6; 10,2;  9,9; 14,0; 10,1; 10,2; 13,5;  3,3; 60,0;  0,0;    0;  0,000;pøipraven;
11-01-2024;01:17:00; 20,6; 19,8;  9,1;  9,6; 10,2;  9,9; 14,0; 10,1; 10,7; 13,4;  3,2; 46,0;  0,0;    0;  0,000;pøipraven;
11-01-2024;01:18:00; 20,5; 19,8;  9,1;  9,7; 10,5; 10,0; 14,0; 10,2; 10,6; 13,4;  2,9; 46,0;  0,0;    0;  0,000;pøipraven;
11-01-2024;01:19:00; 20,5; 19,7;  9,1;  9,6; 10,5; 10,0; 14,0; 10,3; 10,4; 13,4;  2,9; 60,0;  0,0;    0;  0,000;pøipraven;
11-01-2024;01:20:00; 20,4; 19,7;  9,1;  9,6; 10,5; 10,0; 14,0; 10,3; 10,0; 13,4;  2,9; 60,0;  0,0;    0;  0,000;pøipraven;
11-01-2024;01:21:00; 20,4; 19,7;  9,1;  9,6; 10,5; 10,0; 13,8; 10,2; 10,0; 13,4;  2,9; 60,0;  0,0;    0;  0,000;pøipraven;
11-01-2024;01:22:00; 20,3; 19,6;  9,4;  9,7; 10,5; 10,0; 13,8; 10,2; 10,4; 13,4;  2,9; 60,0;  0,0;    0;  0,000;pøipraven;
11-01-2024;01:23:00; 20,3; 19,6;  9,4;  9,7; 10,5; 10,0; 13,8; 10,2; 10,5; 13,4;  2,9; 60,0;  0,0;    0;  0,000;pøipraven;
11-01-2024;01:24:00; 20,2; 19,6;  9,4;  9,7; 10,5; 10,0; 13,8; 10,3; 10,2; 13,4;  2,9; 60,0;  0,0;    0;  0,000;pøipraven;
11-01-2024;01:25:00; 20,1; 19,5;  9,4;  9,7; 10,5; 10,0; 13,8; 10,2;  9,8; 13,4;  2,9; 60,0;  0,0;    0;  0,000;pøipraven;
11-01-2024;01:26:00; 20,1; 19,5;  9,4;  9,7; 10,5; 10,0; 13,8; 10,2; 10,1; 13,3;  2,8; 46,0;  0,0;    0;  0,000;pøipraven;
11-01-2024;01:27:00; 20,1; 19,5;  9,4;  9,7; 10,5; 10,0; 13,8; 10,2; 10,6; 13,3;  2,8; 46,0;  0,0;    0;  0,000;pøipraven;
11-01-2024;01:28:00; 20,0; 19,4;  9,4;  9,7; 10,5; 10,0; 13,8; 10,3; 10,8; 13,3;  2,8; 60,0;  0,0;    0;  0,000;pøipraven;
11-01-2024;01:29:00; 20,0; 19,4;  9,4;  9,7; 10,5; 10,0; 13,8; 10,3; 10,5; 13,3;  2,8; 60,0;  0,0;    0;  0,000;pøipraven;
11-01-2024;01:30:00; 19,9; 19,3;  9,4;  9,7; 10,5; 10,0; 13,8; 10,3; 10,2; 13,3;  2,8; 60,0;  0,0;    0;  0,000;pøipraven;
11-01-2024;01:31:00; 19,9; 19,3;  9,4;  9,7; 10,5; 10,0; 13,8; 10,3; 10,0; 13,3;  2,8; 60,0;  0,0;    0;  0,000;pøipraven;
11-01-2024;01:32:00; 19,8; 19,3;  9,4;  9,7; 10,5; 10,0; 13,6; 10,3; 10,3; 13,3;  2,8; 60,0;  0,0;    0;  0,000;pøipraven;
11-01-2024;01:33:00; 19,7; 19,2;  9,4;  9,7; 10,5; 10,0; 13,6; 10,3; 10,8; 13,3;  2,8; 60,0;  0,1;    0;  0,000;pøipraven;
11-01-2024;01:34:00; 19,7; 19,2;  9,4;  9,7; 10,5; 10,0; 13,6; 10,4; 10,8; 13,3;  2,8; 60,0;  0,0;    0;  0,000;pøipraven;
11-01-2024;01:35:00; 19,7; 19,2;  9,4;  9,7; 10,5; 10,0; 13,6; 10,4; 10,5; 13,3;  2,8; 60,0;  0,0;    0;  0,000;pøipraven;
11-01-2024;01:36:00; 19,6; 19,1;  9,4;  9,7; 10,5; 10,0; 13,6; 10,4; 10,1; 13,3;  2,8; 60,0;  0,1;    0;  0,000;pøipraven;
11-01-2024;01:37:00; 19,6; 19,1;  9,4;  9,7; 10,5; 10,0; 13,6; 10,3;  9,9; 13,2;  2,7; 60,0;  0,0;    0;  0,000;pøipraven;
11-01-2024;01:38:00; 19,5; 19,1;  9,4;  9,7; 10,5; 10,0; 13,6; 10,3; 10,2; 13,2;  2,7; 60,0;  0,1;    0;  0,000;pøipraven;
11-01-2024;01:39:00; 19,5; 19,0;  9,4;  9,7; 10,5; 10,0; 13,6; 10,3; 10,6; 13,2;  2,7; 60,0;  0,0;    0;  0,000;pøipraven;
11-01-2024;01:40:00; 19,4; 19,0;  9,4;  9,7; 10,5; 10,0; 13,6; 10,4; 10,6; 13,2;  2,7; 60,0;  0,0;    0;  0,000;pøipraven;
11-01-2024;01:41:00; 19,4; 19,0;  9,4;  9,7; 10,5; 10,0; 13,6; 10,4; 10,2; 13,2;  2,7; 60,0;  0,0;    0;  0,000;pøipraven;
11-01-2024;01:42:00; 19,3; 18,9;  9,4;  9,7; 10,5; 10,0; 13,6; 10,3;  9,9; 13,2;  2,7; 60,0;  0,0;    0;  0,000;pøipraven;
11-01-2024;01:43:00; 19,3; 18,9;  9,4;  9,7; 10,5; 10,0; 13,6; 10,3; 10,2; 13,2;  2,7; 46,0;  0,0;    0;  0,000;pøipraven;
11-01-2024;01:44:00; 19,2; 18,9;  9,4;  9,7; 10,5; 10,0; 13,6; 10,3; 10,8; 13,2;  2,7; 46,0;  0,0;    0;  0,000;pøipraven;
11-01-2024;01:45:00; 19,2; 18,8;  9,4;  9,7; 10,5; 10,0; 13,6; 10,4; 10,8; 13,2;  2,7; 60,0;  0,1;    0;  0,000;pøipraven;
11-01-2024;01:46:00; 19,2; 18,8;  9,7;  9,8; 10,5; 10,0; 13,6; 10,5; 10,6; 13,2;  2,7; 60,0;  0,0;    0;  0,000;pøipraven;
11-01-2024;01:47:00; 19,1; 18,8;  9,7;  9,8; 10,5; 10,0; 13,4; 10,4; 10,3; 13,2;  2,7; 60,0;  0,0;    0;  0,000;pøipraven;
11-01-2024;01:48:00; 19,0; 18,7;  9,4;  9,7; 10,5; 10,0; 13,4; 10,4; 10,0; 13,1;  2,6; 60,0;  0,0;    0;  0,000;pøipraven;
11-01-2024;01:49:00; 19,0; 18,7;  9,4;  9,7; 10,5; 10,0; 13,4; 10,3; 10,3; 13,1;  2,6; 60,0;  0,1;    0;  0,000;pøipraven;
11-01-2024;01:50:00; 18,9; 18,7;  9,7;  9,8; 10,5; 10,0; 13,4; 10,4; 10,8; 13,1;  2,6; 60,0;  0,0;    0;  0,000;pøipraven;
11-01-2024;01:51:00; 18,9; 18,7;  9,7;  9,8; 10,5; 10,0; 13,4; 10,5; 10,8; 13,1;  2,6; 60,0;  0,0;    0;  0,000;pøipraven;
11-01-2024;01:52:00; 18,9; 18,6;  9,7;  9,8; 10,5; 10,0; 13,4; 10,5; 10,4; 13,1;  2,6; 60,0;  0,0;    0;  0,000;pøipraven;
11-01-2024;01:53:00; 18,8; 18,6;  9,7;  9,8; 10,5; 10,0; 13,4; 10,4; 10,1; 13,1;  2,6; 60,0;  0,0;    0;  0,000;pøipraven;
11-01-2024;01:54:00; 18,8; 18,6;  9,7;  9,8; 10,5; 10,0; 13,4; 10,4;  9,9; 13,1;  2,6; 60,0;  0,1;    0;  0,000;pøipraven;
11-01-2024;01:55:00; 18,7; 18,5;  9,4;  9,7; 10,5; 10,0; 13,4; 10,3; 10,4; 13,1;  2,6; 60,0;  0,0;    0;  0,000;pøipraven;
11-01-2024;01:56:00; 18,7; 18,5;  9,7;  9,8; 10,5; 10,0; 13,4; 10,4; 10,8; 13,1;  2,6; 60,0;  0,0;    0;  0,000;pøipraven;
11-01-2024;01:57:00; 18,7; 18,5;  9,7;  9,8; 10,5; 10,0; 13,4; 10,4; 10,6; 13,1;  2,6; 60,0;  0,0;    0;  0,000;pøipraven;
11-01-2024;01:58:00; 18,6; 18,4;  9,7;  9,8; 10,5; 10,0; 13,4; 10,4; 10,2; 13,1;  2,6; 60,0;  0,0;    0;  0,000;pøipraven;
11-01-2024;01:59:00; 18,6; 18,4;  9,7;  9,8; 10,5; 10,0; 13,4; 10,4;  9,9; 13,0;  2,5; 60,0;  0,0;    0;  0,000;pøipraven;
11-01-2024;02:00:00; 18,5; 18,4;  9,4;  9,7; 10,5; 10,0; 13,4; 10,3; 10,3; 13,0;  2,5; 46,0;  0,0;    0;  0,000;pøipraven;
11-01-2024;02:01:00; 18,5; 18,3;  9,7;  9,8; 10,5; 10,0; 13,4; 10,4; 10,8; 13,0;  2,5; 60,0;  0,0;    0;  0,000;pøipraven;
11-01-2024;02:02:00; 18,4; 18,3;  9,7;  9,8; 10,5; 10,0; 13,4; 10,5; 10,8; 13,0;  2,5; 60,0;  0,0;    0;  0,000;pøipraven;
11-01-2024;02:03:00; 18,4; 18,3;  9,7;  9,8; 10,5; 10,0; 13,4; 10,5; 10,6; 13,0;  2,5; 60,0;  0,0;    0;  0,000;pøipraven;
11-01-2024;02:04:00; 18,4; 18,3;  9,7;  9,8; 10,5; 10,0; 13,1; 10,5; 10,4; 13,0;  2,5; 60,0;  0,0;    0;  0,000;pøipraven;
11-01-2024;02:05:00; 18,3; 18,2;  9,7;  9,8; 10,5; 10,0; 13,1; 10,5; 10,1; 13,0;  2,5; 60,0;  0,0;    0;  0,000;pøipraven;
11-01-2024;02:06:00; 18,3; 18,2;  9,7;  9,8; 10,5; 10,0; 13,1; 10,4; 10,2; 13,0;  2,5; 60,0;  0,0;    0;  0,000;pøipraven;
11-01-2024;02:07:00; 18,2; 18,2;  9,7;  9,8; 10,5; 10,0; 13,1; 10,4; 10,7; 13,0;  2,5; 60,0;  0,0;    0;  0,000;pøipraven;
11-01-2024;02:08:00; 18,2; 18,1;  9,7;  9,8; 10,5; 10,0; 13,1; 10,5; 10,7; 13,0;  2,5; 60,0;  0,0;    0;  0,000;pøipraven;
11-01-2024;02:09:00; 18,1; 18,1;  9,7;  9,8; 10,5; 10,0; 13,1; 10,5; 10,3; 13,0;  2,5; 60,0;  0,0;    0;  0,000;pøipraven;
11-01-2024;02:10:00; 18,1; 18,1;  9,7;  9,8; 10,5; 10,0; 13,1; 10,4;  9,9; 12,9;  2,4; 60,0;  0,0;    0;  0,000;pøipraven;
11-01-2024;02:11:00; 18,1; 18,1;  9,7;  9,8; 10,5; 10,0; 13,1; 10,3; 10,0; 12,9;  2,4; 60,0;  0,0;    0;  0,000;pøipraven;
11-01-2024;02:12:00; 18,0; 18,0;  9,7;  9,8; 10,5; 10,0; 13,1; 10,3; 10,5; 12,9;  2,4; 60,0;  0,0;    0;  0,000;pøipraven;
11-01-2024;02:13:00; 18,0; 18,0;  9,7;  9,8; 10,5; 10,0; 13,1; 10,4; 10,7; 12,9;  2,4; 60,0;  0,0;    0;  0,000;pøipraven;
11-01-2024;02:14:00; 18,0; 18,0;  9,7;  9,8; 10,5; 10,0; 13,1; 10,4; 10,8; 12,9;  2,4; 60,0;  0,0;    0;  0,000;pøipraven;
11-01-2024;02:15:00; 17,9; 17,9;  9,7;  9,8; 10,5; 10,0; 13,1; 10,5; 10,9; 12,9;  2,4; 60,0;  0,0;    0;  0,000;pøipraven;
11-01-2024;02:16:00; 17,9; 18,0;  9,7;  9,8; 10,5; 10,0; 13,1; 10,6; 11,0; 12,9;  2,4; 60,0;  0,1;    0;  0,000;pøipraven;
11-01-2024;02:17:00; 17,8; 17,9;  9,7;  9,8; 10,8; 10,1; 13,1; 10,7; 11,3; 12,9;  2,1; 60,0;  0,0;    0;  0,000;pøipraven;
11-01-2024;02:18:00; 17,8; 17,9;  9,7;  9,8; 10,8; 10,1; 13,1; 10,8; 11,4; 12,9;  2,1; 60,0;  0,0;    0;  0,000;pøipraven;
11-01-2024;02:19:00; 17,8; 17,9;  9,7;  9,8; 10,8; 10,1; 13,1; 10,8; 11,4; 12,9;  2,1; 60,0;  0,0;    0;  0,000;pøipraven;
11-01-2024;02:20:00; 17,8; 17,9;  9,7;  9,8; 10,8; 10,1; 13,1; 10,8; 11,3; 12,9;  2,1; 60,0;  0,1;    0;  0,000;pøipraven;
11-01-2024;02:21:00; 17,8; 17,9;  9,7;  9,8; 10,8; 10,1; 13,1; 10,8; 11,3; 12,9;  2,1; 60,0;  0,0;    0;  0,000;pøipraven;
11-01-2024;02:22:00; 17,7; 17,9;  9,7;  9,8; 10,8; 10,1; 12,9; 10,8; 11,3; 12,9;  2,1; 60,0;  0,0;    0;  0,000;pøipraven;
11-01-2024;02:23:00; 17,7; 17,9;  9,7;  9,8; 10,8; 10,1; 12,9; 10,8; 11,3; 12,8;  2,0; 60,0;  0,1;    0;  0,000;pøipraven;
11-01-2024;02:24:00; 17,7; 17,9;  9,7;  9,8; 10,8; 10,1; 12,9; 10,9; 11,3; 12,8;  2,0; 60,0;  0,0;    0;  0,000;pøipraven;
11-01-2024;02:25:00; 17,7; 17,9; 10,1;  9,9; 10,8; 10,1; 12,9; 10,9; 11,3; 12,8;  2,0; 60,0;  0,0;    0;  0,000;pøipraven;
11-01-2024;02:26:00; 17,7; 17,9; 10,1;  9,9; 10,8; 10,1; 12,9; 10,9; 11,3; 12,8;  2,0; 60,0;  0,0;    0;  0,000;pøipraven;
11-01-2024;02:27:00; 17,6; 17,9; 10,1;  9,9; 10,8; 10,1; 12,9; 10,9; 11,3; 12,8;  2,0; 60,0;  0,0;    0;  0,000;pøipraven;
11-01-2024;02:28:00; 17,7; 17,9; 10,1;  9,9; 10,8; 10,1; 12,9; 10,9; 11,3; 12,8;  2,0; 60,0;  0,0;    0;  0,000;pøipraven;
11-01-2024;02:29:00; 17,6; 17,9; 10,1;  9,9; 10,8; 10,1; 12,9; 10,9; 11,3; 12,8;  2,0; 60,0;  0,0;    0;  0,000;pøipraven;
11-01-2024;02:30:00; 17,6; 17,9; 10,1;  9,9; 11,1; 10,2; 12,9; 10,9; 11,3; 12,8;  1,7; 60,0;  0,1;    0;  0,000;pøipraven;
11-01-2024;02:31:00; 17,6; 17,9; 10,1;  9,9; 11,1; 10,2; 12,9; 10,9; 11,4; 12,8;  1,7; 60,0;  0,0;    0;  0,000;pøipraven;
11-01-2024;02:32:00; 17,6; 17,9; 10,1;  9,9; 11,1; 10,2; 12,9; 11,0; 11,4; 12,8;  1,7; 60,0;  0,0;    0;  0,000;pøipraven;
11-01-2024;02:33:00; 17,5; 17,9; 10,1;  9,9; 11,1; 10,2; 12,9; 11,0; 11,4; 12,8;  1,7; 60,0;  0,0;    0;  0,000;pøipraven;
11-01-2024;02:34:00; 17,5; 17,9; 10,1;  9,9; 11,1; 10,2; 12,9; 11,0; 11,4; 12,8;  1,7; 60,0;  0,0;    0;  0,000;pøipraven;
11-01-2024;02:35:00; 17,5; 17,9; 10,1;  9,9; 11,1; 10,2; 12,9; 11,0; 11,4; 12,8;  1,7; 60,0;  0,0;    0;  0,000;pøipraven;
11-01-2024;02:36:00; 17,5; 17,9; 10,1;  9,9; 11,1; 10,2; 12,9; 11,0; 11,5; 12,8;  1,7; 60,0;  0,0;    0;  0,000;pøipraven;
11-01-2024;02:37:00; 17,5; 17,9; 10,1;  9,9; 11,1; 10,2; 12,9; 11,0; 11,5; 12,8;  1,7; 60,0;  0,0;    0;  0,000;pøipraven;
11-01-2024;02:38:00; 17,4; 17,8; 10,1;  9,9; 11,1; 10,2; 12,9; 11,1; 11,5; 12,8;  1,7; 60,0;  0,0;    0;  0,000;pøipraven;
11-01-2024;02:39:00; 17,4; 17,9; 10,1;  9,9; 11,1; 10,2; 12,9; 11,1; 11,5; 12,8;  1,7; 60,0;  0,0;    0;  0,000;pøipraven;
11-01-2024;02:40:00; 17,4; 17,8; 10,1;  9,9; 11,1; 10,2; 12,9; 11,1; 11,6; 12,8;  1,7; 60,0;  0,0;    0;  0,000;pøipraven;
11-01-2024;02:41:00; 17,3; 17,9; 10,1;  9,9; 11,1; 10,2; 12,9; 11,1; 11,6; 12,8;  1,7; 60,0;  0,0;    0;  0,000;pøipraven;
11-01-2024;02:42:00; 17,3; 17,8; 10,1;  9,9; 11,1; 10,2; 12,9; 11,1; 11,6; 12,8;  1,7; 60,0;  0,0;    0;  0,000;pøipraven;
11-01-2024;02:43:00; 17,3; 17,8; 10,1;  9,9; 11,1; 10,2; 12,9; 11,1; 11,6; 12,8;  1,7; 60,0;  0,1;    0;  0,000;pøipraven;
11-01-2024;02:44:00; 17,3; 17,8; 10,1;  9,9; 11,1; 10,2; 12,9; 11,1; 11,6; 12,8;  1,7; 60,0;  0,1;    0;  0,000;pøipraven;
11-01-2024;02:45:00; 17,3; 17,9; 10,1;  9,9; 11,1; 10,2; 12,9; 11,2; 11,6; 12,8;  1,7; 60,0;  0,1;    0;  0,000;pøipraven;
11-01-2024;02:46:00; 17,2; 17,8; 10,1;  9,9; 11,1; 10,2; 12,9; 11,2; 11,7; 12,8;  1,7; 60,0;  0,0;    0;  0,000;pøipraven;
11-01-2024;02:47:00; 17,2; 17,8; 10,1;  9,9; 11,1; 10,2; 12,9; 11,2; 11,7; 12,8;  1,7; 60,0;  0,0;    0;  0,000;pøipraven;
11-01-2024;02:48:00; 17,2; 17,8; 10,1;  9,9; 11,1; 10,2; 12,9; 11,2; 11,7; 12,8;  1,7; 60,0;  0,0;    0;  0,000;pøipraven;
11-01-2024;02:49:00; 17,2; 17,8; 10,4; 10,0; 11,4; 10,3; 12,9; 11,2; 11,7; 12,8;  1,4; 60,0;  0,0;    0;  0,000;pøipraven;
11-01-2024;02:50:00; 17,2; 17,9; 10,4; 10,0; 11,4; 10,3; 12,9; 11,2; 11,7; 12,8;  1,4; 60,0;  0,0;    0;  0,000;pøipraven;
11-01-2024;02:51:00; 17,1; 17,8; 10,4; 10,0; 11,4; 10,3; 12,9; 11,3; 11,7; 12,8;  1,4; 60,0;  0,1;    0;  0,000;pøipraven;
11-01-2024;02:52:00; 17,1; 17,8; 10,4; 10,0; 11,4; 10,3; 12,9; 11,3; 11,8; 12,8;  1,4; 60,0;  0,0;    0;  0,000;pøipraven;
11-01-2024;02:53:00; 17,1; 17,8; 10,4; 10,0; 11,4; 10,3; 12,9; 11,3; 11,8; 12,8;  1,4; 60,0;  0,0;    0;  0,000;pøipraven;
11-01-2024;02:54:00; 17,1; 17,8; 10,4; 10,0; 11,4; 10,3; 12,9; 11,3; 11,8; 12,8;  1,4; 60,0;  0,0;    0;  0,000;pøipraven;
11-01-2024;02:55:00; 17,0; 17,8; 10,4; 10,0; 11,4; 10,3; 12,9; 11,3; 11,8; 12,8;  1,4; 60,0;  0,1;    0;  0,000;pøipraven;
11-01-2024;02:56:00; 17,0; 17,8; 10,4; 10,0; 11,4; 10,3; 12,9; 11,3; 11,8; 12,8;  1,4; 60,0;  0,0;    0;  0,000;pøipraven;
11-01-2024;02:57:00; 17,0; 17,7; 10,4; 10,0; 11,4; 10,3; 12,9; 11,3; 11,9; 12,8;  1,4; 60,0;  0,0;    0;  0,000;pøipraven;
11-01-2024;02:58:00; 17,0; 17,8; 10,4; 10,0; 11,4; 10,3; 12,9; 11,3; 11,9; 12,8;  1,4; 60,0;  0,0;    0;  0,000;pøipraven;
11-01-2024;02:59:00; 17,0; 17,7; 10,4; 10,0; 11,4; 10,3; 12,9; 11,4; 11,9; 12,8;  1,4; 60,0;  0,0;    0;  0,000;pøipraven;
11-01-2024;03:00:00; 16,9; 17,7; 10,7; 10,0; 11,4; 10,3; 12,9; 11,4; 11,9; 12,8;  1,4; 60,0;  0,0;    0;  0,000;pøipraven;
11-01-2024;03:01:00; 17,0; 17,7; 10,7; 10,1; 11,4; 10,3; 12,9; 11,4; 11,9; 12,8;  1,4; 60,0;  0,0;    0;  0,000;pøipraven;
11-01-2024;03:02:00; 16,9; 17,7; 10,7; 10,1; 11,4; 10,3; 12,9; 11,4; 11,9; 12,8;  1,4; 60,0;  0,0;    0;  0,000;pøipraven;
11-01-2024;03:03:00; 16,9; 17,7; 10,7; 10,1; 11,4; 10,3; 12,9; 11,4; 11,9; 12,8;  1,4; 60,0;  0,0;    0;  0,000;pøipraven;
11-01-2024;03:04:00; 16,9; 17,7; 10,7; 10,1; 11,4; 10,3; 12,9; 11,4; 12,0; 12,8;  1,4; 60,0;  0,0;    0;  0,000;pøipraven;
11-01-2024;03:05:00; 16,9; 17,7; 10,7; 10,1; 11,4; 10,3; 12,9; 11,4; 12,0; 12,8;  1,4; 60,0;  0,0;    0;  0,000;pøipraven;
11-01-2024;03:06:00; 16,9; 17,7; 10,7; 10,1; 11,4; 10,3; 12,9; 11,4; 12,0; 12,8;  1,4; 60,0;  0,0;    0;  0,000;pøipraven;
11-01-2024;03:07:00; 16,8; 17,7; 10,7; 10,1; 11,4; 10,3; 12,9; 11,5; 12,0; 12,8;  1,4; 60,0;  0,0;    0;  0,000;pøipraven;
11-01-2024;03:08:00; 16,8; 17,7; 10,7; 10,1; 11,4; 10,3; 12,9; 11,5; 12,0; 12,8;  1,4; 60,0;  0,0;    0;  0,000;pøipraven;
11-01-2024;03:09:00; 16,8; 17,7; 10,7; 10,1; 11,7; 10,4; 12,9; 11,5; 12,0; 12,8;  1,1; 60,0;  0,0;    0;  0,000;pøipraven;
11-01-2024;03:10:00; 16,8; 17,7; 10,7; 10,1; 11,7; 10,4; 12,9; 11,5; 12,1; 12,8;  1,1; 60,0;  0,0;    0;  0,000;pøipraven;
11-01-2024;03:11:00; 16,8; 17,7; 10,7; 10,1; 11,7; 10,4; 12,7; 11,5; 12,1; 12,8;  1,1; 60,0;  0,0;    0;  0,000;pøipraven;
11-01-2024;03:12:00; 16,8; 17,7; 10,7; 10,1; 11,7; 10,4; 12,9; 11,5; 12,1; 12,8;  1,1; 60,0;  0,1;    0;  0,000;pøipraven;
11-01-2024;03:13:00; 16,7; 17,6; 10,7; 10,1; 11,7; 10,4; 12,7; 11,5; 12,1; 12,8;  1,1; 60,0;  0,1;    0;  0,000;pøipraven;
11-01-2024;03:14:00; 16,7; 17,6; 10,7; 10,1; 11,7; 10,4; 12,7; 11,5; 12,1; 12,8;  1,1; 60,0;  0,0;    0;  0,000;pøipraven;
11-01-2024;03:15:00; 16,7; 17,6; 10,7; 10,1; 11,7; 10,4; 12,9; 11,6; 12,1; 12,8;  1,1; 60,0;  0,0;    0;  0,000;pøipraven;
11-01-2024;03:16:00; 16,7; 17,6; 10,7; 10,1; 11,7; 10,4; 12,7; 11,6; 12,1; 12,8;  1,1; 60,0;  0,0;    0;  0,000;pøipraven;
11-01-2024;03:17:00; 16,7; 17,6; 10,7; 10,1; 11,7; 10,4; 12,7; 11,6; 12,1; 12,8;  1,1; 60,0;  0,1;    0;  0,000;pøipraven;
11-01-2024;03:18:00; 16,7; 17,6; 10,7; 10,1; 11,7; 10,4; 12,7; 11,6; 12,1; 12,8;  1,1; 60,0;  0,1;    0;  0,000;pøipraven;
11-01-2024;03:19:00; 16,7; 17,6; 10,7; 10,1; 11,7; 10,4; 12,9; 11,6; 12,1; 12,8;  1,1; 60,0;  0,0;    0;  0,000;pøipraven;
11-01-2024;03:20:00; 16,6; 17,5; 10,7; 10,1; 11,7; 10,4; 12,7; 11,6; 12,1; 12,9;  1,2; 60,0;  0,0;    0;  0,000;pøipraven;
11-01-2024;03:21:00; 16,6; 17,6; 10,7; 10,1; 11,7; 10,4; 12,7; 11,7; 12,1; 12,8;  1,1; 60,0;  0,0;    0;  0,000;pøipraven;
11-01-2024;03:22:00; 16,6; 17,5; 10,7; 10,1; 11,7; 10,4; 12,7; 11,7; 12,1; 12,9;  1,2; 60,0;  0,0;    0;  0,000;pøipraven;
11-01-2024;03:23:00; 16,6; 17,6; 10,7; 10,1; 11,7; 10,4; 12,7; 11,7; 12,1; 12,9;  1,2; 60,0;  0,0;    0;  0,000;pøipraven;
11-01-2024;03:24:00; 16,6; 17,5; 10,7; 10,1; 11,7; 10,4; 12,7; 11,7; 12,2; 12,9;  1,2; 60,0;  0,1;    0;  0,000;pøipraven;
11-01-2024;03:25:00; 16,5; 17,5; 10,7; 10,1; 11,7; 10,4; 12,7; 11,7; 12,2; 12,8;  1,1; 60,0;  0,0;    0;  0,000;pøipraven;
11-01-2024;03:26:00; 16,5; 17,5; 10,7; 10,1; 11,7; 10,4; 12,7; 11,7; 12,2; 12,9;  1,2; 60,0;  0,1;    0;  0,000;pøipraven;
11-01-2024;03:27:00; 16,6; 17,5; 10,7; 10,1; 11,7; 10,4; 12,7; 11,7; 12,2; 12,9;  1,2; 60,0;  0,0;    0;  0,000;pøipraven;
11-01-2024;03:28:00; 16,5; 17,5; 11,0; 10,2; 11,7; 10,4; 12,7; 11,7; 12,2; 12,9;  1,2; 60,0;  0,0;    0;  0,000;pøipraven;
11-01-2024;03:29:00; 16,5; 17,5; 11,0; 10,2; 11,7; 10,4; 12,7; 11,8; 12,2; 12,9;  1,2; 60,0;  0,0;    0;  0,000;pøipraven;
11-01-2024;03:30:00; 16,5; 17,5; 11,0; 10,2; 11,7; 10,4; 12,7; 11,8; 12,2; 12,9;  1,2; 60,0;  0,0;    0;  0,000;pøipraven;
11-01-2024;03:31:00; 16,5; 17,5; 11,0; 10,2; 12,0; 10,5; 12,7; 11,8; 12,3; 12,9;  0,9; 60,0;  0,0;    0;  0,000;pøipraven;
11-01-2024;03:32:00; 16,5; 17,5; 11,0; 10,2; 12,0; 10,5; 12,7; 11,8; 12,3; 12,9;  0,9; 60,0;  0,1;    0;  0,000;pøipraven;
11-01-2024;03:33:00; 16,5; 17,4; 11,0; 10,2; 12,0; 10,5; 12,9; 11,8; 12,3; 12,9;  0,9; 60,0;  0,1;    0;  0,000;pøipraven;
11-01-2024;03:34:00; 16,4; 17,4; 11,0; 10,2; 12,0; 10,5; 12,7; 11,8; 12,3; 12,9;  0,9; 60,0;  0,0;    0;  0,000;pøipraven;
11-01-2024;03:35:00; 16,5; 17,5; 11,0; 10,2; 12,0; 10,5; 12,9; 11,8; 12,3; 12,9;  0,9; 60,0;  0,0;    0;  0,000;pøipraven;
11-01-2024;03:36:00; 16,4; 17,4; 11,0; 10,2; 12,0; 10,5; 12,9; 11,9; 12,3; 12,9;  0,9; 60,0;  0,0;    0;  0,000;pøipraven;
11-01-2024;03:37:00; 16,4; 17,4; 11,0; 10,2; 12,0; 10,5; 12,7; 11,9; 12,3; 12,9;  0,9; 60,0;  0,0;    0;  0,000;pøipraven;
11-01-2024;03:38:00; 16,4; 17,4; 11,0; 10,2; 12,0; 10,5; 12,7; 11,9; 12,4; 12,9;  0,9; 60,0;  0,0;    0;  0,000;pøipraven;
11-01-2024;03:39:00; 16,4; 17,4; 11,0; 10,2; 12,0; 10,5; 12,7; 11,9; 12,4; 12,9;  0,9; 60,0;  0,0;    0;  0,000;pøipraven;
11-01-2024;03:40:00; 16,4; 17,4; 11,0; 10,2; 12,0; 10,5; 12,9; 11,9; 12,4; 12,9;  0,9; 60,0;  0,1;    0;  0,000;pøipraven;
11-01-2024;03:41:00; 16,4; 17,4; 11,0; 10,2; 12,0; 10,5; 12,9; 11,9; 12,4; 12,9;  0,9; 60,0;  0,0;    0;  0,000;pøipraven;
11-01-2024;03:42:00; 16,4; 17,3; 11,0; 10,2; 12,0; 10,5; 12,9; 11,9; 12,4; 12,9;  0,9; 60,0;  0,0;    0;  0,000;pøipraven;
11-01-2024;03:43:00; 16,3; 17,3; 11,0; 10,2; 12,0; 10,5; 12,7; 11,9; 12,4; 12,9;  0,9; 60,0;  0,1;    0;  0,000;pøipraven;
11-01-2024;03:44:00; 16,3; 17,3; 11,0; 10,2; 12,0; 10,5; 12,7; 12,0; 12,4; 12,9;  0,9; 60,0;  0,1;    0;  0,000;pøipraven;
11-01-2024;03:45:00; 16,3; 17,3; 11,0; 10,2; 12,0; 10,5; 12,7; 12,0; 12,4; 12,9;  0,9; 60,0;  0,0;    0;  0,000;pøipraven;
11-01-2024;03:46:00; 16,3; 17,3; 11,0; 10,2; 12,0; 10,5; 12,9; 12,0; 12,4; 12,9;  0,9; 60,0;  0,0;    0;  0,000;pøipraven;
11-01-2024;03:47:00; 16,3; 17,3; 11,0; 10,2; 12,0; 10,5; 12,7; 12,0; 12,5; 12,9;  0,9; 60,0;  0,0;    0;  0,000;pøipraven;
11-01-2024;03:48:00; 16,3; 17,3; 11,0; 10,2; 12,0; 10,5; 12,9; 12,0; 12,5; 12,9;  0,9; 60,0;  0,0;    0;  0,000;pøipraven;
11-01-2024;03:49:00; 16,3; 17,3; 11,0; 10,2; 12,0; 10,5; 12,9; 12,0; 12,5; 12,9;  0,9; 60,0;  0,0;    0;  0,000;pøipraven;
11-01-2024;03:50:00; 16,2; 17,3; 11,0; 10,2; 12,0; 10,5; 12,9; 12,0; 12,5; 12,9;  0,9; 60,0;  0,0;    0;  0,000;pøipraven;
11-01-2024;03:51:00; 16,2; 17,3; 11,0; 10,2; 12,0; 10,5; 12,9; 12,0; 12,5; 12,9;  0,9; 60,0;  0,0;    0;  0,000;pøipraven;
11-01-2024;03:52:00; 16,2; 17,3; 11,0; 10,2; 12,0; 10,5; 12,9; 12,1; 12,5; 12,9;  0,9; 60,0;  0,0;    0;  0,000;pøipraven;
11-01-2024;03:53:00; 16,2; 17,2; 11,0; 10,2; 12,0; 10,5; 12,7; 12,1; 12,5; 12,9;  0,9; 60,0;  0,0;    0;  0,000;pøipraven;
11-01-2024;03:54:00; 16,2; 17,3; 11,0; 10,2; 12,0; 10,5; 12,9; 12,1; 12,5; 12,9;  0,9; 60,0;  0,0;    0;  0,000;pøipraven;
11-01-2024;03:55:00; 16,2; 17,2; 11,0; 10,2; 12,0; 10,5; 12,9; 12,1; 12,5; 12,9;  0,9; 60,0;  0,0;    0;  0,000;pøipraven;
11-01-2024;03:56:00; 16,2; 17,2; 11,0; 10,2; 12,3; 10,6; 12,9; 12,1; 12,6; 12,9;  0,6; 60,0;  0,0;    0;  0,000;pøipraven;
11-01-2024;03:57:00; 16,2; 17,2; 11,3; 10,3; 12,3; 10,6; 12,9; 12,1; 12,6; 12,9;  0,6; 60,0;  0,0;    0;  0,000;pøipraven;
11-01-2024;03:58:00; 16,2; 17,2; 11,3; 10,3; 12,3; 10,6; 12,9; 12,1; 12,6; 12,9;  0,6; 60,0;  0,0;    0;  0,000;pøipraven;
11-01-2024;03:59:00; 16,2; 17,2; 11,3; 10,3; 12,3; 10,6; 12,9; 12,1; 12,6; 12,9;  0,6; 60,0;  0,1;    0;  0,000;pøipraven;
11-01-2024;04:00:00; 16,1; 17,2; 11,3; 10,3; 12,3; 10,6; 12,9; 12,1; 12,6; 12,9;  0,6; 60,0;  0,0;    0;  0,000;pøipraven;
11-01-2024;04:01:00; 16,1; 17,2; 11,3; 10,3; 12,3; 10,6; 12,9; 12,1; 12,6; 12,9;  0,6; 60,0;  0,0;    0;  0,000;pøipraven;
11-01-2024;04:02:00; 16,1; 17,2; 11,3; 10,3; 12,3; 10,6; 12,9; 12,1; 12,6; 13,0;  0,7; 60,0;  0,0;    0;  0,000;pøipraven;
11-01-2024;04:03:00; 16,1; 17,2; 11,3; 10,3; 12,3; 10,6; 12,9; 12,1; 12,6; 13,0;  0,7; 60,0;  0,0;    0;  0,000;pøipraven;
11-01-2024;04:04:00; 16,2; 17,2; 11,3; 10,3; 12,3; 10,6; 12,9; 12,1; 12,6; 13,0;  0,7; 60,0;  0,0;    0;  0,000;pøipraven;
11-01-2024;04:05:00; 16,1; 17,2; 11,3; 10,3; 12,3; 10,6; 12,9; 12,1; 12,6; 13,0;  0,7; 60,0;  0,0;    0;  0,000;pøipraven;
11-01-2024;04:06:00; 16,1; 17,1; 11,3; 10,3; 12,3; 10,6; 12,9; 12,1; 12,7; 13,0;  0,7; 60,0;  0,1;    0;  0,000;pøipraven;
11-01-2024;04:07:00; 16,1; 17,2; 11,3; 10,3; 12,3; 10,6; 12,9; 12,1; 12,7; 13,0;  0,7; 60,0;  0,0;    0;  0,000;pøipraven;
11-01-2024;04:08:00; 16,1; 17,1; 11,3; 10,3; 12,3; 10,6; 12,9; 12,1; 12,7; 13,0;  0,7; 60,0;  0,0;    0;  0,000;pøipraven;
11-01-2024;04:09:00; 16,1; 17,1; 11,3; 10,3; 12,3; 10,6; 12,9; 12,1; 12,7; 13,0;  0,7; 60,0;  0,0;    0;  0,000;pøipraven;
11-01-2024;04:10:00; 16,1; 17,1; 11,3; 10,3; 12,3; 10,6; 12,9; 12,2; 12,7; 13,0;  0,7; 60,0;  0,0;    0;  0,000;pøipraven;
11-01-2024;04:11:00; 16,1; 17,1; 11,3; 10,3; 12,3; 10,6; 12,9; 12,1; 12,7; 13,0;  0,7; 60,0;  0,0;    0;  0,000;pøipraven;
11-01-2024;04:12:00; 16,1; 17,1; 11,3; 10,3; 12,3; 10,6; 12,9; 12,2; 12,7; 13,0;  0,7; 60,0;  0,0;    0;  0,000;pøipraven;
11-01-2024;04:13:00; 16,0; 17,1; 11,3; 10,3; 12,3; 10,6; 12,9; 12,2; 12,7; 13,0;  0,7; 60,0;  0,0;    0;  0,000;pøipraven;
11-01-2024;04:14:00; 16,0; 17,1; 11,3; 10,3; 12,3; 10,6; 12,9; 12,2; 12,7; 13,0;  0,7; 60,0;  0,0;    0;  0,000;pøipraven;
11-01-2024;04:15:00; 16,0; 17,1; 11,3; 10,3; 12,3; 10,6; 12,9; 12,2; 12,8; 13,0;  0,7; 60,0;  0,0;    0;  0,000;pøipraven;
11-01-2024;04:16:00; 16,0; 17,1; 11,3; 10,3; 12,3; 10,6; 12,9; 12,2; 12,8; 13,0;  0,7; 60,0;  0,0;    0;  0,000;pøipraven;
11-01-2024;04:17:00; 16,0; 17,0; 11,3; 10,4; 12,3; 10,6; 12,9; 12,2; 12,8; 13,0;  0,7; 60,0;  0,1;    0;  0,000;pøipraven;
11-01-2024;04:18:00; 16,0; 17,0; 11,6; 10,4; 12,3; 10,6; 12,9; 12,2; 12,8; 13,0;  0,7; 60,0;  0,0;    0;  0,000;pøipraven;
11-01-2024;04:19:00; 16,0; 17,0; 11,6; 10,4; 12,3; 10,6; 12,9; 12,2; 12,8; 13,0;  0,7; 60,0;  0,0;    0;  0,000;pøipraven;
11-01-2024;04:20:00; 16,0; 17,0; 11,6; 10,4; 12,3; 10,6; 12,9; 12,3; 12,8; 13,0;  0,7; 60,0;  0,0;    0;  0,000;pøipraven;
11-01-2024;04:21:00; 16,0; 17,0; 11,6; 10,4; 12,3; 10,6; 12,9; 12,2; 12,8; 13,0;  0,7; 60,0;  0,0;    0;  0,000;pøipraven;
11-01-2024;04:22:00; 16,0; 17,0; 11,6; 10,4; 12,3; 10,6; 12,9; 12,3; 12,8; 13,0;  0,7; 60,0;  0,0;    0;  0,000;pøipraven;
11-01-2024;04:23:00; 16,0; 17,0; 11,6; 10,4; 12,3; 10,6; 12,9; 12,3; 12,8; 13,0;  0,7; 60,0;  0,0;    0;  0,000;pøipraven;
11-01-2024;04:24:00; 16,0; 17,0; 11,6; 10,4; 12,3; 10,6; 12,9; 12,3; 12,8; 13,0;  0,7; 60,0;  0,0;    0;  0,000;pøipraven;
11-01-2024;04:25:00; 16,0; 17,0; 11,6; 10,4; 12,6; 10,7; 12,9; 12,3; 12,9; 13,0;  0,4; 60,0;  0,0;    0;  0,000;pøipraven;
11-01-2024;04:26:00; 16,0; 16,9; 11,6; 10,4; 12,6; 10,7; 12,9; 12,3; 12,9; 13,0;  0,4; 60,0;  0,1;    0;  0,000;pøipraven;
11-01-2024;04:27:00; 15,9; 16,9; 11,6; 10,4; 12,6; 10,7; 12,9; 12,3; 12,9; 13,0;  0,4; 60,0;  0,0;    0;  0,000;pøipraven;
11-01-2024;04:28:00; 16,0; 16,9; 11,6; 10,4; 12,6; 10,7; 12,9; 12,3; 12,9; 13,0;  0,4; 60,0;  0,0;    0;  0,000;pøipraven;
11-01-2024;04:29:00; 16,0; 17,0; 11,6; 10,4; 12,6; 10,7; 12,9; 12,3; 12,9; 13,0;  0,4; 60,0;  0,0;    0;  0,000;pøipraven;
11-01-2024;04:30:00; 15,9; 16,9; 11,6; 10,4; 12,6; 10,7; 12,9; 12,3; 12,9; 13,0;  0,4; 60,0;  0,0;    0;  0,000;pøipraven;
11-01-2024;04:31:00; 15,9; 16,9; 11,6; 10,4; 12,6; 10,7; 12,9; 12,4; 12,9; 13,0;  0,4; 60,0;  0,0;    0;  0,000;pøipraven;
11-01-2024;04:32:00; 15,9; 16,9; 11,6; 10,4; 12,6; 10,7; 12,9; 12,4; 12,9; 13,0;  0,4; 60,0;  0,0;    0;  0,000;pøipraven;
11-01-2024;04:33:00; 15,9; 16,9; 11,6; 10,4; 12,6; 10,7; 12,9; 12,4; 12,9; 13,0;  0,4; 60,0;  0,1;    0;  0,000;pøipraven;
11-01-2024;04:34:00; 15,9; 16,9; 11,6; 10,4; 12,6; 10,7; 12,9; 12,4; 12,9; 13,1;  0,5; 60,0;  0,0;    0;  0,000;pøipraven;
11-01-2024;04:35:00; 15,9; 16,9; 11,6; 10,4; 12,6; 10,7; 12,9; 12,4; 13,0; 13,1;  0,5; 60,0;  0,1;    0;  0,000;pøipraven;
11-01-2024;04:36:00; 15,9; 16,9; 11,6; 10,4; 12,6; 10,7; 12,9; 12,4; 13,0; 13,1;  0,5; 60,0;  0,0;    0;  0,000;pøipraven;
11-01-2024;04:37:00; 15,9; 16,9; 11,6; 10,4; 12,6; 10,7; 12,9; 12,4; 13,0; 13,1;  0,5; 60,0;  0,0;    0;  0,000;pøipraven;
11-01-2024;04:38:00; 15,9; 16,9; 11,6; 10,4; 12,6; 10,7; 12,9; 12,4; 13,0; 13,1;  0,5; 60,0;  0,0;    0;  0,000;pøipraven;
11-01-2024;04:39:00; 15,9; 16,9; 11,6; 10,4; 12,6; 10,7; 12,9; 12,4; 13,0; 13,1;  0,5; 60,0;  0,0;    0;  0,000;pøipraven;
11-01-2024;04:40:00; 15,9; 16,9; 11,6; 10,4; 12,6; 10,7; 12,9; 12,4; 13,0; 13,1;  0,5; 60,0;  0,0;    0;  0,000;pøipraven;
11-01-2024;04:41:00; 15,9; 16,8; 11,6; 10,4; 12,6; 10,7; 12,9; 12,4; 13,0; 13,1;  0,5; 60,0;  0,0;    0;  0,000;pøipraven;
11-01-2024;04:42:00; 15,9; 16,8; 11,6; 10,4; 12,6; 10,7; 12,9; 12,4; 13,0; 13,1;  0,5; 60,0;  0,0;    0;  0,000;pøipraven;
11-01-2024;04:43:00; 15,9; 16,8; 11,6; 10,4; 12,6; 10,7; 12,9; 12,4; 13,0; 13,1;  0,5; 60,0;  0,0;    0;  0,000;pøipraven;
11-01-2024;04:44:00; 15,9; 16,8; 11,6; 10,4; 12,6; 10,7; 12,9; 12,5; 13,0; 13,1;  0,5; 60,0;  0,1;    0;  0,000;pøipraven;
11-01-2024;04:45:00; 15,9; 16,8; 11,6; 10,4; 12,6; 10,7; 12,9; 12,5; 13,1; 13,1;  0,5; 60,0;  0,0;    0;  0,000;pøipraven;
11-01-2024;04:46:00; 15,9; 16,8; 11,6; 10,4; 12,6; 10,7; 12,9; 12,5; 13,1; 13,1;  0,5; 60,0;  0,0;    0;  0,000;pøipraven;
11-01-2024;04:47:00; 15,8; 16,8; 11,6; 10,4; 12,6; 10,7; 12,9; 12,5; 13,1; 13,1;  0,5; 60,0;  0,0;    0;  0,000;pøipraven;
11-01-2024;04:48:00; 15,9; 16,8; 11,6; 10,4; 12,6; 10,7; 12,9; 12,5; 13,1; 13,1;  0,5; 60,0;  0,1;    0;  0,000;pøipraven;
11-01-2024;04:49:00; 15,9; 16,8; 11,6; 10,4; 12,6; 10,7; 12,9; 12,5; 13,1; 13,1;  0,5; 60,0;  0,0;    0;  0,000;pøipraven;
11-01-2024;04:50:00; 15,9; 16,8; 11,6; 10,4; 12,6; 10,7; 12,9; 12,5; 13,1; 13,1;  0,5; 60,0;  0,0;    0;  0,000;pøipraven;
11-01-2024;04:51:00; 15,9; 16,8; 11,6; 10,4; 12,6; 10,7; 12,9; 12,5; 13,1; 13,1;  0,5; 60,0;  0,1;    0;  0,000;pøipraven;
11-01-2024;04:52:00; 15,8; 16,7; 11,6; 10,4; 12,6; 10,7; 12,9; 12,5; 13,1; 13,1;  0,5; 60,0;  0,0;    0;  0,000;pøipraven;
11-01-2024;04:53:00; 15,9; 16,8; 11,6; 10,4; 12,6; 10,7; 12,9; 12,5; 13,1; 13,1;  0,5; 60,0;  0,1;    0;  0,000;pøipraven;
11-01-2024;04:54:00; 15,8; 16,7; 11,6; 10,4; 12,6; 10,7; 12,9; 12,5; 13,1; 13,1;  0,5; 60,0;  0,1;    0;  0,000;pøipraven;
11-01-2024;04:55:00; 15,9; 16,8; 11,6; 10,4; 12,9; 10,8; 12,9; 12,5; 13,1; 13,1;  0,2; 60,0;  0,0;    0;  0,000;pøipraven;
11-01-2024;04:56:00; 15,8; 16,7; 11,9; 10,5; 12,9; 10,8; 12,9; 12,6; 13,2; 13,1;  0,2; 60,0;  0,0;    0;  0,000;pøipraven;
11-01-2024;04:57:00; 15,9; 16,8; 11,9; 10,5; 12,9; 10,8; 12,9; 12,6; 13,2; 13,1;  0,2; 60,0;  0,0;    0;  0,000;pøipraven;
11-01-2024;04:58:00; 15,8; 16,7; 11,9; 10,5; 12,9; 10,8; 12,9; 12,6; 13,2; 13,1;  0,2; 60,0;  0,0;    0;  0,000;pøipraven;
11-01-2024;04:59:00; 15,8; 16,7; 11,9; 10,5; 12,9; 10,8; 12,9; 12,6; 13,2; 13,2;  0,3; 60,0;  0,0;    0;  0,000;pøipraven;
11-01-2024;05:00:00; 15,8; 16,7; 11,9; 10,5; 12,9; 10,8; 12,9; 12,6; 13,2; 13,2;  0,3; 60,0;  0,1;    0;  0,000;pøipraven;
11-01-2024;05:01:00; 15,8; 16,7; 11,9; 10,5; 12,9; 10,8; 12,9; 12,6; 13,2; 13,2;  0,3; 60,0;  0,1;    0;  0,000;pøipraven;
11-01-2024;05:02:00; 15,8; 16,7; 11,9; 10,5; 12,9; 10,8; 12,9; 12,6; 13,2; 13,2;  0,3; 60,0;  0,0;    0;  0,000;pøipraven;
11-01-2024;05:03:00; 15,8; 16,7; 11,9; 10,5; 12,9; 10,8; 12,9; 12,6; 13,2; 13,2;  0,3; 60,0;  0,0;    0;  0,000;pøipraven;
11-01-2024;05:04:00; 15,8; 16,7; 11,9; 10,5; 12,9; 10,8; 12,9; 12,6; 13,2; 13,2;  0,3; 60,0;  0,1;    0;  0,000;pøipraven;
11-01-2024;05:05:00; 15,8; 16,7; 11,9; 10,5; 12,9; 10,8; 12,9; 12,6; 13,2; 13,2;  0,3; 60,0;  0,0;    0;  0,000;pøipraven;
11-01-2024;05:06:00; 15,8; 16,7; 11,9; 10,5; 12,9; 10,8; 12,9; 12,6; 13,2; 13,2;  0,3; 60,0;  0,1;    0;  0,000;pøipraven;
11-01-2024;05:07:00; 15,8; 16,7; 11,9; 10,5; 12,9; 10,8; 12,9; 12,6; 13,2; 13,2;  0,3; 60,0;  0,1;    0;  0,000;pøipraven;
11-01-2024;05:08:00; 15,8; 16,7; 11,9; 10,5; 12,9; 10,8; 12,9; 12,6; 13,2; 13,2;  0,3; 60,0;  0,0;    0;  0,000;pøipraven;
11-01-2024;05:09:00; 15,8; 16,7; 11,9; 10,5; 12,9; 10,8; 12,9; 12,7; 13,3; 13,2;  0,3; 60,0;  0,0;    0;  0,000;pøipraven;
11-01-2024;05:10:00; 15,8; 16,6; 11,9; 10,5; 12,9; 10,8; 12,9; 12,7; 13,2; 13,2;  0,3; 60,0;  0,1;    0;  0,000;pøipraven;
11-01-2024;05:11:00; 15,8; 16,6; 11,9; 10,5; 12,9; 10,8; 12,9; 12,7; 13,3; 13,2;  0,3; 60,0;  0,0;    0;  0,000;pøipraven;
11-01-2024;05:12:00; 15,8; 16,6; 11,9; 10,5; 12,9; 10,8; 12,9; 12,7; 13,3; 13,2;  0,3; 60,0;  0,0;    0;  0,000;pøipraven;
11-01-2024;05:13:00; 15,8; 16,6; 11,9; 10,5; 12,9; 10,8; 12,9; 12,7; 13,3; 13,2;  0,3; 60,0;  0,0;    0;  0,000;pøipraven;
11-01-2024;05:14:00; 15,8; 16,6; 11,9; 10,5; 12,9; 10,8; 12,9; 12,7; 13,3; 13,2;  0,3; 60,0;  0,0;    0;  0,000;pøipraven;
11-01-2024;05:15:00; 15,8; 16,6; 11,9; 10,5; 12,9; 10,8; 13,1; 12,7; 13,3; 13,2;  0,3; 60,0;  0,1;    0;  0,000;pøipraven;
11-01-2024;05:16:00; 15,8; 16,6; 11,9; 10,5; 12,9; 10,8; 13,1; 12,7; 13,3; 13,2;  0,3; 60,0;  0,0;    0;  0,000;pøipraven;
11-01-2024;05:17:00; 15,8; 16,6; 11,9; 10,5; 12,9; 10,8; 13,1; 12,7; 13,3; 13,2;  0,3; 60,0;  0,0;    0;  0,000;pøipraven;
11-01-2024;05:18:00; 15,8; 16,6; 11,9; 10,5; 12,9; 10,8; 13,1; 12,7; 13,3; 13,2;  0,3; 60,0;  0,0;    0;  0,000;pøipraven;
11-01-2024;05:19:00; 15,8; 16,6; 11,9; 10,5; 12,9; 10,8; 13,1; 12,7; 13,3; 13,2;  0,3; 60,0;  0,0;    0;  0,000;pøipraven;
11-01-2024;05:20:00; 15,8; 16,6; 11,9; 10,5; 12,9; 10,8; 13,1; 12,7; 13,4; 13,2;  0,3; 60,0;  0,0;    0;  0,000;pøipraven;
11-01-2024;05:21:00; 15,8; 16,6; 11,9; 10,5; 12,9; 10,8; 13,1; 12,8; 13,4; 13,2;  0,3; 60,0;  0,0;    0;  0,000;pøipraven;
11-01-2024;05:22:00; 15,8; 16,5; 11,9; 10,5; 12,9; 10,8; 13,1; 12,8; 13,4; 13,2;  0,3; 60,0;  0,0;    0;  0,000;pøipraven;
11-01-2024;05:23:00; 15,8; 16,6; 11,9; 10,5; 12,9; 10,8; 13,1; 12,8; 13,4; 13,2;  0,3; 60,0;  0,0;    0;  0,000;pøipraven;
11-01-2024;05:24:00; 15,8; 16,6; 11,9; 10,5; 12,9; 10,8; 13,1; 12,8; 13,4; 13,2;  0,3; 60,0;  0,0;    0;  0,000;pøipraven;
11-01-2024;05:25:00; 15,8; 16,5; 11,9; 10,5; 12,9; 10,8; 13,1; 12,8; 13,4; 13,2;  0,3; 60,0;  0,0;    0;  0,000;pøipraven;
11-01-2024;05:26:00; 15,8; 16,5; 11,9; 10,5; 12,9; 10,8; 13,1; 12,8; 13,4; 13,3;  0,4; 60,0;  0,0;    0;  0,000;pøipraven;
11-01-2024;05:27:00; 15,8; 16,5; 11,9; 10,5; 12,9; 10,8; 13,1; 12,8; 13,4; 13,3;  0,4; 60,0;  0,0;    0;  0,000;pøipraven;
11-01-2024;05:28:00; 15,8; 16,5; 11,9; 10,5; 12,9; 10,8; 13,1; 12,8; 13,4; 13,3;  0,4; 60,0;  0,0;    0;  0,000;pøipraven;
11-01-2024;05:29:00; 15,8; 16,5; 11,9; 10,5; 12,9; 10,8; 13,1; 12,8; 13,4; 13,3;  0,4; 60,0;  0,0;    0;  0,000;pøipraven;
11-01-2024;05:30:00; 15,8; 16,5; 11,9; 10,5; 12,9; 10,8; 13,1; 12,8; 13,4; 13,3;  0,4; 60,0;  0,1;    0;  0,000;pøipraven;
11-01-2024;05:31:00; 15,8; 16,5; 11,9; 10,5; 12,9; 10,8; 13,1; 12,8; 13,5; 13,3;  0,4; 60,0;  0,0;    0;  0,000;pøipraven;
11-01-2024;05:32:00; 15,8; 16,5; 11,9; 10,5; 13,2; 10,9; 13,1; 12,8; 13,5; 13,3;  0,1; 60,0;  0,0;    0;  0,000;pøipraven;
11-01-2024;05:33:00; 15,7; 16,5; 11,9; 10,5; 13,2; 10,9; 13,1; 12,8; 13,5; 13,3;  0,1; 60,0;  0,0;    0;  0,000;pøipraven;
11-01-2024;05:34:00; 15,8; 16,5; 11,9; 10,5; 13,2; 10,9; 13,1; 12,9; 13,5; 13,3;  0,1; 60,0;  0,0;    0;  0,000;pøipraven;
11-01-2024;05:35:00; 15,8; 16,5; 11,9; 10,5; 13,2; 10,9; 13,1; 12,9; 13,5; 13,3;  0,1; 60,0;  0,0;    0;  0,000;pøipraven;
11-01-2024;05:36:00; 15,8; 16,5; 11,9; 10,5; 13,2; 10,9; 13,1; 12,9; 13,5; 13,3;  0,1; 60,0;  0,0;    0;  0,000;pøipraven;
11-01-2024;05:37:00; 15,8; 16,5; 11,9; 10,5; 13,2; 10,9; 13,1; 12,9; 13,5; 13,3;  0,1; 60,0;  0,0;    0;  0,000;pøipraven;
11-01-2024;05:38:00; 15,8; 16,5; 11,9; 10,5; 13,2; 10,9; 13,1; 12,9; 13,5; 13,3;  0,1; 60,0;  0,0;    0;  0,000;pøipraven;
11-01-2024;05:39:00; 15,8; 16,5; 11,9; 10,5; 13,2; 10,9; 13,1; 12,9; 13,5; 13,3;  0,1; 60,0;  0,0;    0;  0,000;pøipraven;
11-01-2024;05:40:00; 15,8; 16,5; 11,9; 10,5; 13,2; 10,9; 13,1; 12,9; 13,5; 13,3;  0,1; 60,0;  0,0;    0;  0,000;pøipraven;
11-01-2024;05:41:00; 15,8; 16,5; 11,9; 10,5; 13,2; 10,9; 13,1; 12,9; 13,5; 13,3;  0,1; 60,0;  0,0;    0;  0,000;pøipraven;
11-01-2024;05:42:00; 15,8; 16,4; 11,9; 10,5; 13,2; 10,9; 13,1; 12,9; 13,5; 13,3;  0,1; 60,0;  0,0;    0;  0,000;pøipraven;
11-01-2024;05:43:00; 15,8; 16,4; 12,2; 10,5; 13,2; 10,9; 13,1; 12,9; 13,5; 13,3;  0,1; 60,0;  0,0;    0;  0,000;pøipraven;
11-01-2024;05:44:00; 15,8; 16,5; 12,2; 10,6; 13,2; 10,9; 13,1; 12,9; 13,5; 13,3;  0,1; 60,0;  0,0;    0;  0,000;pøipraven;
11-01-2024;05:45:00; 15,8; 16,4; 12,2; 10,6; 13,2; 10,9; 13,1; 12,9; 13,6; 13,3;  0,1; 60,0;  0,0;    0;  0,000;pøipraven;
11-01-2024;05:46:00; 15,8; 16,4; 12,2; 10,6; 13,2; 10,9; 13,1; 12,9; 13,6; 13,3;  0,1; 60,0;  0,0;    0;  0,000;pøipraven;
11-01-2024;05:47:00; 15,8; 16,4; 12,2; 10,6; 13,2; 10,9; 13,1; 12,9; 13,6; 13,3;  0,1; 60,0;  0,0;    0;  0,000;pøipraven;
11-01-2024;05:48:00; 15,8; 16,4; 12,2; 10,6; 13,2; 10,9; 13,1; 13,0; 13,6; 13,4;  0,2; 60,0;  0,1;    0;  0,000;pøipraven;
11-01-2024;05:49:00; 15,8; 16,4; 12,2; 10,6; 13,2; 10,9; 13,1; 13,0; 13,6; 13,4;  0,2; 60,0;  0,0;    0;  0,000;pøipraven;
11-01-2024;05:50:00; 15,8; 16,4; 12,2; 10,6; 13,2; 10,9; 13,1; 13,0; 13,6; 13,4;  0,2; 60,0;  0,0;    0;  0,000;pøipraven;
11-01-2024;05:51:00; 15,8; 16,4; 12,2; 10,6; 13,2; 10,9; 13,1; 13,0; 13,6; 13,4;  0,2; 60,0;  0,0;    0;  0,000;pøipraven;
11-01-2024;05:52:00; 15,8; 16,4; 12,2; 10,6; 13,2; 10,9; 13,1; 13,0; 13,6; 13,4;  0,2; 60,0;  0,0;    0;  0,000;pøipraven;
11-01-2024;05:53:00; 15,8; 16,4; 12,2; 10,6; 13,2; 10,9; 13,1; 13,0; 13,6; 13,4;  0,2; 60,0;  0,0;    0;  0,000;pøipraven;
11-01-2024;05:54:00; 15,8; 16,4; 12,2; 10,6; 13,2; 10,9; 13,1; 13,0; 13,6; 13,4;  0,2; 60,0;  0,0;    0;  0,000;pøipraven;
11-01-2024;05:55:00; 15,8; 16,4; 12,2; 10,6; 13,2; 10,9; 13,1; 13,0; 13,6; 13,4;  0,2; 60,0;  0,0;    0;  0,000;pøipraven;
11-01-2024;05:56:00; 15,8; 16,4; 12,2; 10,6; 13,2; 10,9; 13,1; 13,0; 13,6; 13,4;  0,2; 60,0;  0,0;    0;  0,000;pøipraven;
11-01-2024;05:57:00; 15,8; 16,4; 12,2; 10,6; 13,2; 10,9; 13,1; 13,0; 13,6; 13,4;  0,2; 60,0;  0,0;    0;  0,000;pøipraven;
11-01-2024;05:58:00; 15,8; 16,3; 12,2; 10,6; 13,2; 10,9; 13,1; 13,0; 13,7; 13,4;  0,2; 60,0;  0,0;    0;  0,000;pøipraven;
11-01-2024;05:59:00; 15,8; 16,3; 12,2; 10,6; 13,2; 10,9; 13,1; 13,0; 13,7; 13,4;  0,2; 60,0;  0,0;    0;  0,000;pøipraven;
11-01-2024;06:00:00; 15,8; 16,3; 12,2; 10,6; 13,2; 10,9; 13,1; 13,0; 13,7; 13,4;  0,2; 60,0;  0,0;    0;  0,000;pøipraven;
11-01-2024;06:01:00; 15,8; 16,3; 12,2; 10,6; 13,2; 10,9; 13,1; 13,0; 13,7; 13,4;  0,2; 60,0;  0,0;    0;  0,000;pøipraven;
11-01-2024;06:02:00; 15,8; 16,3; 12,2; 10,6; 13,2; 10,9; 13,1; 13,0; 13,7; 13,4;  0,2; 60,0;  0,0;    0;  0,000;pøipraven;
11-01-2024;06:03:00; 15,8; 16,3; 12,2; 10,6; 13,2; 10,9; 13,1; 13,0; 13,7; 13,4;  0,2; 60,0;  0,0;    0;  0,000;pøipraven;
11-01-2024;06:04:00; 15,8; 16,3; 12,2; 10,6; 13,2; 10,9; 13,1; 13,1; 13,7; 13,4;  0,2; 60,0;  0,0;    0;  0,000;pøipraven;
11-01-2024;06:05:00; 15,8; 16,3; 12,2; 10,6; 13,2; 10,9; 13,1; 13,1; 13,7; 13,4;  0,2; 60,0;  0,0;    0;  0,000;pøipraven;
11-01-2024;06:06:00; 15,8; 16,3; 12,5; 10,7; 13,2; 10,9; 13,1; 13,1; 13,7; 13,4;  0,2; 60,0;  0,0;    0;  0,000;pøipraven;
11-01-2024;06:07:00; 15,8; 16,3; 12,2; 10,6; 13,2; 10,9; 13,4; 13,1; 13,7; 13,4;  0,2; 60,0;  0,0;    0;  0,000;pøipraven;
11-01-2024;06:08:00; 15,8; 16,3; 12,5; 10,7; 13,2; 10,9; 13,4; 13,1; 13,7; 13,4;  0,2; 60,0;  0,0;    0;  0,000;pøipraven;
11-01-2024;06:09:00; 15,8; 16,3; 12,5; 10,7; 13,2; 10,9; 13,1; 13,1; 13,7; 13,4;  0,2; 60,0;  0,0;    0;  0,000;pøipraven;
11-01-2024;06:10:00; 15,8; 16,3; 12,5; 10,7; 13,2; 11,0; 13,4; 13,1; 13,7; 13,4;  0,2; 60,0;  0,0;    0;  0,000;pøipraven;
11-01-2024;06:11:00; 15,8; 16,3; 12,5; 10,7; 13,5; 11,0; 13,4; 13,1; 13,7; 13,4; -0,1; 60,0;  0,0;    0;  0,000;pøipraven;
11-01-2024;06:12:00; 15,8; 16,3; 12,5; 10,7; 13,5; 11,0; 13,4; 13,1; 13,8; 13,5;  0,0; 60,0;  0,0;    0;  0,000;pøipraven;
11-01-2024;06:13:00; 15,8; 16,3; 12,5; 10,7; 13,5; 11,0; 13,4; 13,1; 13,8; 13,5;  0,0; 60,0;  0,0;    0;  0,000;pøipraven;
11-01-2024;06:14:00; 15,8; 16,3; 12,5; 10,7; 13,5; 11,0; 13,4; 13,1; 13,8; 13,5;  0,0; 60,0;  0,0;    0;  0,000;pøipraven;
11-01-2024;06:15:00; 15,8; 16,3; 12,5; 10,7; 13,5; 11,0; 13,4; 13,1; 13,8; 13,5;  0,0; 60,0;  0,1;    0;  0,000;pøipraven;
11-01-2024;06:16:00; 15,8; 16,3; 12,5; 10,7; 13,5; 11,0; 13,4; 13,1; 13,8; 13,5;  0,0; 60,0;  0,0;    0;  0,000;pøipraven;
11-01-2024;06:17:00; 15,8; 16,3; 12,5; 10,7; 13,5; 11,0; 13,4; 13,1; 13,8; 13,5;  0,0; 60,0;  0,0;    0;  0,000;pøipraven;
11-01-2024;06:18:00; 15,8; 16,2; 12,5; 10,7; 13,5; 11,0; 13,4; 13,1; 13,8; 13,5;  0,0; 60,0;  0,0;    0;  0,000;pøipraven;
11-01-2024;06:19:00; 15,8; 16,3; 12,5; 10,7; 13,5; 11,0; 13,4; 13,2; 13,8; 13,5;  0,0; 60,0;  0,0;    0;  0,000;pøipraven;
11-01-2024;06:20:00; 15,8; 16,3; 12,5; 10,7; 13,5; 11,0; 13,4; 13,2; 13,8; 13,5;  0,0; 60,0;  0,0;    0;  0,000;pøipraven;
11-01-2024;06:21:00; 15,8; 16,2; 12,5; 10,7; 13,5; 11,0; 13,4; 13,2; 13,8; 13,5;  0,0; 60,0;  0,0;    0;  0,000;pøipraven;
11-01-2024;06:22:00; 15,8; 16,3; 12,5; 10,7; 13,5; 11,0; 13,4; 13,2; 13,8; 13,5;  0,0; 60,0;  0,1;    0;  0,000;pøipraven;
11-01-2024;06:23:00; 15,8; 16,2; 12,5; 10,7; 13,5; 11,0; 13,4; 13,2; 13,8; 13,5;  0,0; 60,0;  0,0;    0;  0,000;pøipraven;
11-01-2024;06:24:00; 15,8; 16,2; 12,5; 10,7; 13,5; 11,0; 13,4; 13,1; 13,8; 13,5;  0,0; 60,0;  0,0;    0;  0,000;pøipraven;
11-01-2024;06:25:00; 15,8; 16,2; 12,5; 10,7; 13,5; 11,0; 13,4; 13,1; 13,8; 13,5;  0,0; 60,0;  0,0;    0;  0,000;pøipraven;
11-01-2024;06:26:00; 15,8; 16,2; 12,5; 10,7; 13,5; 11,0; 13,4; 13,2; 13,9; 13,5;  0,0; 60,0;  0,0;    0;  0,000;pøipraven;
11-01-2024;06:27:00; 15,8; 16,2; 12,5; 10,7; 13,5; 11,0; 13,4; 13,2; 13,9; 13,5;  0,0; 60,0;  0,0;    0;  0,000;pøipraven;
11-01-2024;06:28:00; 15,9; 16,2; 12,5; 10,7; 13,5; 11,0; 13,4; 13,2; 13,9; 13,5;  0,0; 60,0;  0,0;    0;  0,000;pøipraven;
11-01-2024;06:29:00; 15,8; 16,2; 12,5; 10,7; 13,5; 11,0; 13,4; 13,2; 13,9; 13,5;  0,0; 60,0;  0,0;    0;  0,000;pøipraven;
11-01-2024;06:30:00; 15,8; 16,2; 12,5; 10,7; 13,5; 11,0; 13,4; 13,2; 13,9; 13,5;  0,0; 60,0;  0,0;    0;  0,000;pøipraven;
11-01-2024;06:31:00; 15,8; 16,2; 12,5; 10,7; 13,5; 11,0; 13,4; 13,2; 13,9; 13,5;  0,0; 60,0;  0,0;    0;  0,000;pøipraven;
11-01-2024;06:32:00; 15,9; 16,2; 12,5; 10,7; 13,5; 11,0; 13,4; 13,2; 13,9; 13,6;  0,1; 60,0;  0,0;    0;  0,000;pøipraven;
11-01-2024;06:33:00; 15,8; 16,2; 12,5; 10,7; 13,5; 11,0; 13,4; 13,2; 13,9; 13,6;  0,1; 60,0;  0,0;    0;  0,000;pøipraven;
11-01-2024;06:34:00; 15,9; 16,2; 12,5; 10,7; 13,5; 11,0; 13,4; 13,3; 13,9; 13,6;  0,1; 60,0;  0,0;    0;  0,000;pøipraven;
11-01-2024;06:35:00; 15,8; 16,2; 12,5; 10,7; 13,5; 11,0; 13,4; 13,3; 13,9; 13,6;  0,1; 60,0;  0,0;    0;  0,000;pøipraven;
11-01-2024;06:36:00; 15,8; 16,2; 12,5; 10,7; 13,5; 11,0; 13,4; 13,3; 13,9; 13,6;  0,1; 60,0;  0,1;    0;  0,000;pøipraven;
11-01-2024;06:37:00; 15,9; 16,2; 12,5; 10,7; 13,5; 11,0; 13,4; 13,3; 13,9; 13,6;  0,1; 60,0;  0,0;    0;  0,000;pøipraven;
11-01-2024;06:38:00; 15,9; 16,2; 12,5; 10,7; 13,5; 11,0; 13,4; 13,3; 13,9; 13,6;  0,1; 60,0;  0,0;    0;  0,000;pøipraven;
11-01-2024;06:39:00; 15,8; 16,2; 12,5; 10,7; 13,5; 11,0; 13,4; 13,3; 13,9; 13,6;  0,1; 60,0;  0,1;    0;  0,000;pøipraven;
11-01-2024;06:40:00; 15,9; 16,2; 12,5; 10,7; 13,5; 11,0; 13,4; 13,3; 13,9; 13,6;  0,1; 60,0;  0,0;    0;  0,000;pøipraven;
11-01-2024;06:41:00; 15,9; 16,2; 12,5; 10,7; 13,5; 11,0; 13,4; 13,3; 13,9; 13,6;  0,1; 60,0;  0,0;    0;  0,000;pøipraven;
11-01-2024;06:42:00; 15,9; 16,2; 12,5; 10,7; 13,5; 11,0; 13,4; 13,3; 13,9; 13,6;  0,1; 60,0;  0,0;    0;  0,000;pøipraven;
11-01-2024;06:43:00; 15,9; 16,1; 12,5; 10,7; 13,5; 11,0; 13,4; 13,3; 13,9; 13,6;  0,1; 60,0;  0,0;    0;  0,000;pøipraven;
11-01-2024;06:44:00; 15,9; 16,1; 12,5; 10,7; 13,5; 11,0; 13,4; 13,3; 13,9; 13,6;  0,1; 60,0;  0,0;    0;  0,000;pøipraven;
11-01-2024;06:45:00; 15,9; 16,1; 12,5; 10,7; 13,5; 11,0; 13,4; 13,3; 13,9; 13,6;  0,1; 60,0;  0,1;    0;  0,000;pøipraven;
11-01-2024;06:46:00; 15,9; 16,1; 12,5; 10,7; 13,5; 11,0; 13,4; 13,3; 13,9; 13,6;  0,1; 60,0;  0,0;    0;  0,000;pøipraven;
11-01-2024;06:47:00; 15,9; 16,1; 12,5; 10,7; 13,5; 11,0; 13,4; 13,3; 13,9; 13,6;  0,1; 60,0;  0,0;    0;  0,000;pøipraven;
11-01-2024;06:48:00; 15,9; 16,1; 12,5; 10,7; 13,5; 11,0; 13,4; 13,3; 13,9; 13,6;  0,1; 60,0;  0,0;    0;  0,000;pøipraven;
11-01-2024;06:49:00; 15,9; 16,1; 12,5; 10,7; 13,5; 11,0; 13,4; 13,3; 13,9; 13,6;  0,1; 60,0;  0,0;    0;  0,000;pøipraven;
11-01-2024;06:50:00; 15,9; 16,1; 12,5; 10,7; 13,5; 11,0; 13,4; 13,4; 13,9; 13,6;  0,1; 60,0;  0,0;    0;  0,000;pøipraven;
11-01-2024;06:51:00; 15,9; 16,1; 12,5; 10,7; 13,5; 11,0; 13,4; 13,4; 13,9; 13,6;  0,1; 60,0;  0,0;    0;  0,000;pøipraven;
11-01-2024;06:52:00; 15,9; 16,1; 12,5; 10,7; 13,5; 11,0; 13,4; 13,4; 13,9; 13,7;  0,2; 60,0;  0,1;    0;  0,000;pøipraven;
11-01-2024;06:53:00; 15,9; 16,1; 12,5; 10,7; 13,5; 11,0; 13,4; 13,4; 14,1; 13,7;  0,2; 60,0;  0,0;    0;  0,000;pøipraven;
11-01-2024;06:54:00; 15,9; 16,1; 12,5; 10,7; 13,5; 11,0; 13,4; 13,4; 14,1; 13,7;  0,2; 60,0;  0,1;    0;  0,000;pøipraven;
11-01-2024;06:55:00; 15,9; 16,1; 12,5; 10,7; 13,5; 11,0; 13,4; 13,4; 14,1; 13,7;  0,2; 60,0;  0,0;    0;  0,000;pøipraven;
11-01-2024;06:56:00; 15,9; 16,1; 12,5; 10,7; 13,5; 11,0; 13,4; 13,4; 14,1; 13,7;  0,2; 60,0;  0,0;    0;  0,000;pøipraven;
11-01-2024;06:57:00; 15,9; 16,1; 12,5; 10,7; 13,5; 11,0; 13,4; 13,4; 14,1; 13,7;  0,2; 60,0;  0,0;    0;  0,000;pøipraven;
11-01-2024;06:58:00; 15,9; 16,1; 12,5; 10,7; 13,5; 11,0; 13,4; 13,4; 14,1; 13,7;  0,2; 60,0;  0,0;    0;  0,000;pøipraven;
11-01-2024;06:59:00; 15,9; 16,1; 12,8; 10,8; 13,5; 11,0; 13,4; 13,4; 14,1; 13,7;  0,2; 60,0;  0,0;    0;  0,000;pøipraven;
11-01-2024;07:00:00; 15,9; 16,1; 12,8; 10,8; 13,5; 11,0; 13,4; 13,4; 14,1; 13,7;  0,2; 60,0;  0,0;    0;  0,000;pøipraven;
11-01-2024;07:01:00; 15,9; 16,1; 12,8; 10,8; 13,5; 11,0; 13,6; 13,4; 14,1; 13,7;  0,2; 60,0;  0,0;    0;  0,000;pøipraven;
11-01-2024;07:02:00; 15,9; 16,1; 12,8; 10,8; 13,5; 11,0; 13,6; 13,4; 14,1; 13,7;  0,2; 60,0;  0,0;    0;  0,000;pøipraven;
11-01-2024;07:03:00; 15,9; 16,1; 12,8; 10,8; 13,5; 11,0; 13,6; 13,4; 14,1; 13,7;  0,2; 60,0;  0,0;    0;  0,000;pøipraven;
11-01-2024;07:04:00; 15,9; 16,1; 12,8; 10,8; 13,5; 11,0; 13,6; 13,4; 14,1; 13,7;  0,2; 60,0;  0,0;    0;  0,000;pøipraven;
11-01-2024;07:05:00; 15,9; 16,0; 12,8; 10,8; 13,7; 11,1; 13,6; 13,4; 14,1; 13,7; -0,1; 60,0;  0,0;    0;  0,000;pøipraven;
11-01-2024;07:06:00; 15,9; 16,1; 12,8; 10,8; 13,7; 11,1; 13,6; 13,4; 14,1; 13,7; -0,1; 60,0;  0,1;    0;  0,000;pøipraven;
11-01-2024;07:07:00; 15,9; 16,1; 12,8; 10,8; 13,7; 11,1; 13,6; 13,5; 14,1; 13,7; -0,1; 60,0;  0,0;    0;  0,000;pøipraven;
11-01-2024;07:08:00; 15,9; 16,1; 12,8; 10,8; 13,7; 11,1; 13,6; 13,5; 14,1; 13,7; -0,1; 60,0;  0,0;    0;  0,000;pøipraven;
11-01-2024;07:09:00; 15,9; 16,0; 12,8; 10,8; 13,7; 11,1; 13,6; 13,5; 14,1; 13,7; -0,1; 60,0;  0,0;    0;  0,000;pøipraven;
11-01-2024;07:10:00; 15,9; 16,1; 12,8; 10,8; 13,7; 11,1; 13,6; 13,5; 14,1; 13,7; -0,1; 60,0;  0,1;    0;  0,000;pøipraven;
11-01-2024;07:11:00; 15,9; 16,0; 12,8; 10,8; 13,7; 11,1; 13,6; 13,5; 14,1; 13,7; -0,1; 60,0;  0,0;    0;  0,000;pøipraven;
11-01-2024;07:12:00; 15,9; 16,0; 12,8; 10,8; 13,7; 11,1; 13,6; 13,5; 14,1; 13,7; -0,1; 60,0;  0,0;    0;  0,000;pøipraven;
11-01-2024;07:13:00; 15,9; 16,0; 12,8; 10,8; 13,7; 11,1; 13,6; 13,5; 14,1; 13,7; -0,1; 60,0;  0,0;    0;  0,000;pøipraven;
11-01-2024;07:14:00; 15,9; 16,0; 12,8; 10,8; 13,7; 11,1; 13,6; 13,5; 14,1; 13,8;  0,0; 60,0;  0,0;    0;  0,000;pøipraven;
11-01-2024;07:15:00; 15,9; 16,0; 12,8; 10,8; 13,7; 11,1; 13,6; 13,5; 14,1; 13,8;  0,0; 60,0;  0,0;    0;  0,000;pøipraven;
11-01-2024;07:16:00; 15,9; 16,0; 12,8; 10,8; 13,7; 11,1; 13,6; 13,5; 14,1; 13,8;  0,0; 60,0;  0,1;    0;  0,000;pøipraven;
11-01-2024;07:17:00; 15,9; 16,0; 12,8; 10,8; 13,7; 11,1; 13,6; 13,5; 14,1; 13,8;  0,0; 60,0;  0,0;    0;  0,000;pøipraven;
11-01-2024;07:18:00; 16,0; 16,1; 12,8; 10,8; 13,7; 11,1; 13,6; 13,5; 14,1; 13,8;  0,0; 60,0;  0,1;    0;  0,000;pøipraven;
11-01-2024;07:19:00; 16,0; 16,0; 12,8; 10,8; 13,7; 11,1; 13,6; 13,5; 14,1; 13,8;  0,0; 60,0;  0,0;    0;  0,000;pøipraven;
11-01-2024;07:20:00; 16,0; 16,0; 12,8; 10,8; 13,7; 11,1; 13,6; 13,5; 14,1; 13,8;  0,0; 60,0;  0,0;    0;  0,000;pøipraven;
11-01-2024;07:21:00; 15,9; 16,0; 12,8; 10,8; 13,7; 11,1; 13,6; 13,5; 14,1; 13,8;  0,0; 60,0;  0,0;    0;  0,000;pøipraven;
11-01-2024;07:22:00; 16,0; 16,0; 12,8; 10,8; 13,7; 11,1; 13,6; 13,5; 14,1; 13,8;  0,0; 60,0;  0,0;    0;  0,000;pøipraven;
11-01-2024;07:23:00; 16,0; 16,0; 12,8; 10,8; 13,7; 11,1; 13,6; 13,5; 14,1; 13,8;  0,0; 60,0;  0,0;    0;  0,000;pøipraven;
11-01-2024;07:24:00; 16,0; 16,0; 12,8; 10,8; 13,7; 11,1; 13,6; 13,6; 14,2; 13,8;  0,0; 60,0;  0,0;    0;  0,000;pøipraven;
11-01-2024;07:25:00; 16,0; 16,0; 12,8; 10,8; 13,7; 11,1; 13,6; 13,6; 14,2; 13,8;  0,0; 60,0;  0,0;    0;  0,000;pøipraven;
11-01-2024;07:26:00; 16,0; 16,0; 12,8; 10,8; 13,7; 11,1; 13,6; 13,6; 14,2; 13,8;  0,0; 60,0;  0,1;    0;  0,000;pøipraven;
11-01-2024;07:27:00; 16,0; 16,0; 12,8; 10,8; 13,7; 11,1; 13,6; 13,6; 14,2; 13,8;  0,0; 60,0;  0,0;    0;  0,000;pøipraven;
11-01-2024;07:28:00; 16,0; 16,0; 12,8; 10,8; 13,7; 11,1; 13,6; 13,6; 14,2; 13,8;  0,0; 60,0;  0,0;    0;  0,000;pøipraven;
11-01-2024;07:29:00; 16,0; 16,0; 12,8; 10,8; 13,7; 11,1; 13,6; 13,6; 14,2; 13,8;  0,0; 60,0;  0,0;    0;  0,000;pøipraven;
11-01-2024;07:30:00; 16,0; 16,0; 13,1; 10,8; 13,7; 11,1; 13,6; 13,6; 14,2; 13,8;  0,0; 60,0;  0,1;    0;  0,000;pøipraven;
11-01-2024;07:31:00; 16,0; 16,0; 13,1; 10,9; 13,7; 11,1; 13,6; 13,6; 14,2; 13,8;  0,0; 60,0;  0,0;    0;  0,000;pøipraven;
11-01-2024;07:32:00; 16,0; 16,0; 13,1; 10,9; 13,7; 11,1; 13,6; 13,6; 14,2; 13,8;  0,0; 60,0;  0,0;    0;  0,000;pøipraven;
11-01-2024;07:33:00; 16,0; 16,0; 13,1; 10,9; 13,7; 11,1; 13,6; 13,6; 14,2; 13,9;  0,1; 60,0;  0,0;    0;  0,000;pøipraven;
11-01-2024;07:34:00; 16,0; 16,0; 13,1; 10,9; 13,7; 11,1; 13,6; 13,6; 14,2; 13,8;  0,0; 60,0;  0,0;    0;  0,000;pøipraven;
11-01-2024;07:35:00; 16,0; 15,9; 13,1; 10,9; 13,7; 11,1; 13,6; 13,6; 14,2; 13,9;  0,1; 60,0;  0,0;    0;  0,000;pøipraven;
11-01-2024;07:36:00; 16,0; 16,0; 13,1; 10,9; 13,7; 11,1; 13,6; 13,6; 14,2; 13,9;  0,1; 60,0;  0,0;    0;  0,000;pøipraven;
11-01-2024;07:37:00; 16,0; 15,9; 13,1; 10,9; 13,7; 11,1; 13,6; 13,6; 14,2; 13,9;  0,1; 60,0;  0,0;    0;  0,000;pøipraven;
11-01-2024;07:38:00; 16,0; 15,9; 13,1; 10,9; 13,7; 11,1; 13,6; 13,6; 14,2; 13,9;  0,1; 60,0;  0,0;    0;  0,000;pøipraven;
11-01-2024;07:39:00; 16,0; 16,0; 13,1; 10,9; 13,7; 11,1; 13,6; 13,6; 14,2; 13,9;  0,1; 60,0;  0,0;    0;  0,000;pøipraven;
11-01-2024;07:40:00; 16,0; 16,0; 13,1; 10,9; 13,7; 11,1; 13,6; 13,6; 14,2; 13,9;  0,1; 60,0;  0,1;    0;  0,000;pøipraven;
11-01-2024;07:41:00; 16,0; 15,9; 13,1; 10,9; 13,7; 11,1; 13,6; 13,6; 14,3; 13,9;  0,1; 60,0;  0,0;    0;  0,000;pøipraven;
11-01-2024;07:42:00; 16,0; 16,0; 13,1; 10,9; 13,7; 11,1; 13,6; 13,7; 14,3; 13,9;  0,1; 60,0;  0,0;    0;  0,000;pøipraven;
11-01-2024;07:43:00; 16,0; 15,9; 13,1; 10,9; 13,7; 11,1; 13,6; 13,6; 14,3; 13,9;  0,1; 60,0;  0,0;    0;  0,000;pøipraven;
11-01-2024;07:44:00; 16,0; 15,9; 13,1; 10,9; 13,7; 11,1; 13,8; 13,7; 14,3; 13,9;  0,1; 60,0;  0,0;    0;  0,000;pøipraven;
11-01-2024;07:45:00; 16,0; 15,9; 13,1; 10,9; 13,7; 11,1; 13,8; 13,7; 14,3; 13,9;  0,1; 60,0;  0,0;    0;  0,000;pøipraven;
11-01-2024;07:46:00; 16,0; 15,9; 13,1; 10,9; 13,7; 11,1; 13,8; 13,7; 14,3; 13,9;  0,1; 60,0;  0,0;    0;  0,000;pøipraven;
11-01-2024;07:47:00; 16,1; 15,9; 13,1; 10,9; 13,7; 11,1; 13,8; 13,7; 14,3; 13,9;  0,1; 60,0;  0,1;    0;  0,000;pøipraven;
11-01-2024;07:48:00; 16,1; 15,9; 13,1; 10,9; 13,7; 11,1; 13,8; 13,7; 14,3; 13,9;  0,1; 60,0;  0,1;    0;  0,000;pøipraven;
11-01-2024;07:49:00; 16,1; 15,9; 13,1; 10,9; 13,7; 11,1; 13,8; 13,7; 14,3; 13,9;  0,1; 60,0;  0,0;    0;  0,000;pøipraven;
11-01-2024;07:50:00; 16,1; 15,9; 13,1; 10,9; 13,7; 11,1; 13,8; 13,7; 14,3; 13,9;  0,1; 60,0;  0,0;    0;  0,000;pøipraven;
11-01-2024;07:51:00; 16,1; 15,9; 13,1; 10,9; 14,0; 11,2; 13,8; 13,7; 14,3; 13,9; -0,1; 60,0;  0,0;    0;  0,000;pøipraven;
11-01-2024;07:52:00; 16,1; 15,9; 13,1; 10,9; 14,0; 11,2; 13,8; 13,7; 14,3; 13,9; -0,1; 60,0;  0,0;    0;  0,000;pøipraven;
11-01-2024;07:53:00; 16,0; 15,9; 13,1; 10,9; 14,0; 11,2; 13,8; 13,7; 14,3; 13,9; -0,1; 60,0;  0,0;    0;  0,000;pøipraven;
11-01-2024;07:54:00; 16,1; 15,9; 13,1; 10,9; 14,0; 11,2; 13,8; 13,7; 14,3; 13,9; -0,1; 60,0;  0,0;    0;  0,000;pøipraven;
