Tecomat F2x CP2007I v2.3.061 DataLogger v1.3 (2024-01-11-00:00:00) : Datalog / teploty ! Type : PERIODIC | DATE : %TDD-MM-YYYY | TIME : %Thh:mm:ss | REAL : %5.1f %RF008267 | REAL : %5.1f %RF008275 | REAL : %5.1f %RF008327 | REAL : %5.1f %RF008323 | REAL : %5.1f %RF008331 | REAL : %5.1f %RF008271 | REAL : %5.1f %RF008279 | REAL : %5.1f %RF008319 | REAL : %5.1f %RF008361 | REAL : %5.1f %RF008397 | REAL : %5.1f %RF008385 | REAL : %5.1f %RF008389 | REAL : %5.1f %RF008417 | INT : %4d %RW008505 | STRING : %.20s %R057414 | STRING : %.20s %R008525 | ,;
DATUM;ÈAS;venku;aku;TV;z1top;z2top;zona 1;zona 2;solar;cidlo 1;cidlo 2;TV spodní;Aku spodní;pozadavek AKU;pozad.TV od TC;stav TC1;stav bivalence
11-01-2024;00:00:00;  9,3; 41,3; 46,3; 25,2;  0,0; 25,1;  0,0;  0,0; 26,3; 24,7;  0,0; 20,4; 40,0;  45;pøipraven;netopí;
11-01-2024;00:01:00;  8,8; 41,2; 46,3; 25,2;  0,0; 25,1;  0,0;  0,0; 26,2; 24,6;  0,0; 20,4; 40,0;  45;pøipraven;netopí;
11-01-2024;00:02:00;  8,7; 41,3; 46,3; 25,3;  0,0; 25,1;  0,0;  0,0; 26,1; 24,5;  0,0; 20,4; 40,0;  45;pøipraven;netopí;
11-01-2024;00:03:00;  9,3; 41,3; 46,3; 25,2;  0,0; 25,2;  0,0;  0,0; 26,0; 24,4;  0,0; 20,4; 40,0;  45;pøipraven;netopí;
11-01-2024;00:04:00;  9,6; 41,2; 46,3; 25,2;  0,0; 25,2;  0,0;  0,0; 26,0; 24,3;  0,0; 20,4; 40,0;  45;pøipraven;netopí;
11-01-2024;00:05:00;  9,3; 41,2; 46,3; 25,2;  0,0; 25,2;  0,0;  0,0; 25,9; 24,2;  0,0; 20,4; 40,0;  45;pøipraven;netopí;
11-01-2024;00:06:00;  8,8; 41,2; 46,3; 25,2;  0,0; 25,2;  0,0;  0,0; 25,7; 24,1;  0,0; 20,4; 40,0;  45;pøipraven;netopí;
11-01-2024;00:07:00;  8,6; 41,3; 46,3; 25,2;  0,0; 25,2;  0,0;  0,0; 25,7; 24,0;  0,0; 20,5; 40,0;  45;pøipraven;netopí;
11-01-2024;00:08:00;  9,2; 41,2; 46,3; 25,2;  0,0; 25,3;  0,0;  0,0; 25,6; 23,9;  0,0; 20,4; 40,0;  45;pøipraven;netopí;
11-01-2024;00:09:00;  9,9; 41,2; 46,3; 25,2;  0,0; 25,3;  0,0;  0,0; 25,5; 23,9;  0,0; 20,5; 40,0;  45;pøipraven;netopí;
11-01-2024;00:10:00; 10,0; 41,3; 46,3; 25,3;  0,0; 25,3;  0,0;  0,0; 25,4; 23,8;  0,0; 20,5; 40,0;  45;pøipraven;netopí;
11-01-2024;00:11:00;  9,7; 41,2; 46,3; 25,3;  0,0; 25,3;  0,0;  0,0; 25,3; 23,7;  0,0; 20,4; 40,0;  45;pøipraven;netopí;
11-01-2024;00:12:00;  9,3; 41,2; 46,3; 25,2;  0,0; 25,4;  0,0;  0,0; 25,2; 23,6;  0,0; 20,4; 40,0;  45;pøipraven;netopí;
11-01-2024;00:13:00;  9,0; 41,2; 46,3; 25,2;  0,0; 25,4;  0,0;  0,0; 25,1; 23,5;  0,0; 20,4; 40,0;  45;pøipraven;netopí;
11-01-2024;00:14:00;  9,1; 41,2; 46,3; 25,2;  0,0; 25,4;  0,0;  0,0; 25,0; 23,4;  0,0; 20,4; 40,0;  45;pøipraven;netopí;
11-01-2024;00:15:00;  9,7; 41,2; 46,3; 25,2;  0,0; 25,4;  0,0;  0,0; 25,0; 23,4;  0,0; 20,4; 40,0;  45;pøipraven;netopí;
11-01-2024;00:16:00; 10,0; 41,2; 46,3; 25,2;  0,0; 25,4;  0,0;  0,0; 24,9; 23,3;  0,0; 20,4; 40,0;  45;pøipraven;netopí;
11-01-2024;00:17:00;  9,6; 41,2; 46,2; 25,2;  0,0; 25,4;  0,0;  0,0; 24,8; 23,2;  0,0; 20,4; 40,0;  45;pøipraven;netopí;
11-01-2024;00:18:00;  9,1; 41,2; 46,3; 25,2;  0,0; 25,4;  0,0;  0,0; 24,7; 23,1;  0,0; 20,4; 40,0;  45;pøipraven;netopí;
11-01-2024;00:19:00;  8,8; 41,2; 46,3; 25,2;  0,0; 25,4;  0,0;  0,0; 24,6; 23,1;  0,0; 20,4; 40,0;  45;pøipraven;netopí;
11-01-2024;00:20:00;  9,2; 41,2; 46,3; 25,2;  0,0; 25,5;  0,0;  0,0; 24,5; 23,0;  0,0; 20,4; 40,0;  45;pøipraven;netopí;
11-01-2024;00:21:00;  9,9; 41,2; 46,2; 25,2;  0,0; 25,5;  0,0;  0,0; 24,4; 22,9;  0,0; 20,4; 40,0;  45;pøipraven;netopí;
11-01-2024;00:22:00;  9,9; 41,2; 46,3; 25,2;  0,0; 25,5;  0,0;  0,0; 24,4; 22,8;  0,0; 20,4; 40,0;  45;pøipraven;netopí;
11-01-2024;00:23:00;  9,6; 41,2; 46,2; 25,2;  0,0; 25,5;  0,0;  0,0; 24,3; 22,7;  0,0; 20,4; 40,0;  45;pøipraven;netopí;
11-01-2024;00:24:00;  9,1; 41,2; 46,3; 25,2;  0,0; 25,5;  0,0;  0,0; 24,2; 22,7;  0,0; 20,5; 40,0;  45;pøipraven;netopí;
11-01-2024;00:25:00;  9,2; 41,2; 46,3; 25,2;  0,0; 25,5;  0,0;  0,0; 24,1; 22,6;  0,0; 20,4; 40,0;  45;pøipraven;netopí;
11-01-2024;00:26:00;  9,8; 41,2; 46,2; 25,2;  0,0; 25,5;  0,0;  0,0; 24,0; 22,5;  0,0; 20,4; 40,0;  45;pøipraven;netopí;
11-01-2024;00:27:00; 10,2; 41,2; 46,2; 25,2;  0,0; 25,5;  0,0;  0,0; 24,0; 22,5;  0,0; 20,4; 40,0;  45;pøipraven;netopí;
11-01-2024;00:28:00; 10,1; 41,2; 46,3; 25,2;  0,0; 25,5;  0,0;  0,0; 23,9; 22,4;  0,0; 20,4; 40,0;  45;pøipraven;netopí;
11-01-2024;00:29:00;  9,8; 41,2; 46,2; 25,2;  0,0; 25,5;  0,0;  0,0; 23,8; 22,3;  0,0; 20,4; 40,0;  45;pøipraven;netopí;
11-01-2024;00:30:00;  9,4; 41,2; 46,2; 25,2;  0,0; 25,5;  0,0;  0,0; 23,7; 22,2;  0,0; 20,4; 40,0;  45;pøipraven;netopí;
11-01-2024;00:31:00;  9,2; 41,2; 46,3; 25,2;  0,0; 25,5;  0,0;  0,0; 23,6; 22,2;  0,0; 20,4; 40,0;  45;pøipraven;netopí;
11-01-2024;00:32:00;  9,6; 41,2; 46,3; 25,2;  0,0; 25,4;  0,0;  0,0; 23,6; 22,1;  0,0; 20,4; 40,0;  45;pøipraven;netopí;
11-01-2024;00:33:00; 10,1; 41,2; 46,2; 25,2;  0,0; 25,4;  0,0;  0,0; 23,5; 22,0;  0,0; 20,4; 40,0;  45;pøipraven;netopí;
11-01-2024;00:34:00; 10,0; 41,2; 46,2; 25,2;  0,0; 25,4;  0,0;  0,0; 23,4; 22,0;  0,0; 20,4; 40,0;  45;pøipraven;netopí;
11-01-2024;00:35:00;  9,5; 41,2; 46,3; 25,3;  0,0; 25,4;  0,0;  0,0; 23,4; 21,9;  0,0; 20,5; 40,0;  45;pøipraven;netopí;
11-01-2024;00:36:00;  9,1; 41,2; 46,2; 25,2;  0,0; 25,4;  0,0;  0,0; 23,3; 21,9;  0,0; 20,4; 40,0;  45;pøipraven;netopí;
11-01-2024;00:37:00;  9,4; 41,2; 46,2; 25,2;  0,0; 25,4;  0,0;  0,0; 23,2; 21,8;  0,0; 20,4; 40,0;  45;pøipraven;netopí;
11-01-2024;00:38:00; 10,0; 41,2; 46,2; 25,2;  0,0; 25,4;  0,0;  0,0; 23,1; 21,7;  0,0; 20,4; 40,0;  45;pøipraven;netopí;
11-01-2024;00:39:00; 10,2; 41,2; 46,2; 25,2;  0,0; 25,4;  0,0;  0,0; 23,0; 21,7;  0,0; 20,4; 40,0;  45;pøipraven;netopí;
11-01-2024;00:40:00;  9,9; 41,2; 46,2; 25,2;  0,0; 25,4;  0,0;  0,0; 23,0; 21,6;  0,0; 20,4; 40,0;  45;pøipraven;netopí;
11-01-2024;00:41:00;  9,4; 41,2; 46,2; 25,2;  0,0; 25,4;  0,0;  0,0; 22,9; 21,6;  0,0; 20,4; 40,0;  45;pøipraven;netopí;
11-01-2024;00:42:00;  9,3; 41,2; 46,2; 25,2;  0,0; 25,4;  0,0;  0,0; 22,8; 21,5;  0,0; 20,4; 40,0;  45;pøipraven;netopí;
11-01-2024;00:43:00;  9,9; 41,2; 46,2; 25,2;  0,0; 25,4;  0,0;  0,0; 22,8; 21,5;  0,0; 20,4; 40,0;  45;pøipraven;netopí;
11-01-2024;00:44:00; 10,4; 41,2; 46,2; 25,2;  0,0; 25,4;  0,0;  0,0; 22,7; 21,4;  0,0; 20,4; 40,0;  45;pøipraven;netopí;
11-01-2024;00:45:00; 10,4; 41,2; 46,2; 25,2;  0,0; 25,4;  0,0;  0,0; 22,6; 21,3;  0,0; 20,4; 40,0;  45;pøipraven;netopí;
11-01-2024;00:46:00; 10,1; 41,2; 46,2; 25,2;  0,0; 25,4;  0,0;  0,0; 22,6; 21,3;  0,0; 20,5; 40,0;  45;pøipraven;netopí;
11-01-2024;00:47:00;  9,7; 41,2; 46,2; 25,2;  0,0; 25,4;  0,0;  0,0; 22,5; 21,2;  0,0; 20,4; 40,0;  45;pøipraven;netopí;
11-01-2024;00:48:00;  9,4; 41,2; 46,2; 25,2;  0,0; 25,4;  0,0;  0,0; 22,4; 21,2;  0,0; 20,5; 40,0;  45;pøipraven;netopí;
11-01-2024;00:49:00;  9,5; 41,2; 46,2; 25,2;  0,0; 25,4;  0,0;  0,0; 22,3; 21,1;  0,0; 20,4; 40,0;  45;pøipraven;netopí;
11-01-2024;00:50:00; 10,0; 41,2; 46,2; 25,2;  0,0; 25,4;  0,0;  0,0; 22,3; 21,1;  0,0; 20,4; 40,0;  45;pøipraven;netopí;
11-01-2024;00:51:00; 10,0; 41,2; 46,2; 25,2;  0,0; 25,4;  0,0;  0,0; 22,2; 21,0;  0,0; 20,4; 40,0;  45;pøipraven;netopí;
11-01-2024;00:52:00;  9,6; 41,2; 46,2; 25,2;  0,0; 25,4;  0,0;  0,0; 22,1; 21,0;  0,0; 20,4; 40,0;  45;pøipraven;netopí;
11-01-2024;00:53:00;  9,2; 41,2; 46,2; 25,2;  0,0; 25,4;  0,0;  0,0; 22,1; 20,9;  0,0; 20,4; 40,0;  45;pøipraven;netopí;
11-01-2024;00:54:00;  9,6; 41,2; 46,2; 25,2;  0,0; 25,4;  0,0;  0,0; 22,0; 20,9;  0,0; 20,4; 40,0;  45;pøipraven;netopí;
11-01-2024;00:55:00; 10,3; 41,2; 46,2; 25,2;  0,0; 25,4;  0,0;  0,0; 21,9; 20,8;  0,0; 20,4; 40,0;  45;pøipraven;netopí;
11-01-2024;00:56:00; 10,4; 41,2; 46,2; 25,2;  0,0; 25,4;  0,0;  0,0; 21,9; 20,8;  0,0; 20,5; 40,0;  45;pøipraven;netopí;
11-01-2024;00:57:00; 10,1; 41,2; 46,2; 25,2;  0,0; 25,4;  0,0;  0,0; 21,8; 20,7;  0,0; 20,4; 40,0;  45;pøipraven;netopí;
11-01-2024;00:58:00;  9,7; 41,1; 46,2; 25,2;  0,0; 25,4;  0,0;  0,0; 21,7; 20,6;  0,0; 20,4; 40,0;  45;pøipraven;netopí;
11-01-2024;00:59:00;  9,5; 41,1; 46,2; 25,2;  0,0; 25,4;  0,0;  0,0; 21,7; 20,6;  0,0; 20,4; 40,0;  45;pøipraven;netopí;
11-01-2024;01:00:00;  9,9; 41,1; 46,2; 25,2;  0,0; 25,4;  0,0;  0,0; 21,6; 20,5;  0,0; 20,4; 40,0;  45;pøipraven;netopí;
11-01-2024;01:01:00; 10,4; 41,1; 46,2; 25,2;  0,0; 25,4;  0,0;  0,0; 21,6; 20,5;  0,0; 20,4; 40,0;  45;pøipraven;netopí;
11-01-2024;01:02:00; 10,4; 41,1; 46,1; 25,2;  0,0; 25,4;  0,0;  0,0; 21,5; 20,5;  0,0; 20,4; 40,0;  45;pøipraven;netopí;
11-01-2024;01:03:00; 10,1; 41,1; 46,1; 25,2;  0,0; 25,4;  0,0;  0,0; 21,4; 20,4;  0,0; 20,4; 40,0;  45;pøipraven;netopí;
11-01-2024;01:04:00;  9,7; 41,2; 46,2; 25,2;  0,0; 25,4;  0,0;  0,0; 21,4; 20,4;  0,0; 20,4; 40,0;  45;pøipraven;netopí;
11-01-2024;01:05:00;  9,6; 41,2; 46,2; 25,2;  0,0; 25,4;  0,0;  0,0; 21,3; 20,3;  0,0; 20,4; 40,0;  45;pøipraven;netopí;
11-01-2024;01:06:00; 10,1; 41,1; 46,1; 25,2;  0,0; 25,4;  0,0;  0,0; 21,2; 20,3;  0,0; 20,4; 40,0;  45;pøipraven;netopí;
11-01-2024;01:07:00; 10,4; 41,2; 46,2; 25,2;  0,0; 25,4;  0,0;  0,0; 21,2; 20,3;  0,0; 20,4; 40,0;  45;pøipraven;netopí;
11-01-2024;01:08:00; 10,2; 41,1; 46,2; 25,2;  0,0; 25,4;  0,0;  0,0; 21,1; 20,2;  0,0; 20,4; 40,0;  45;pøipraven;netopí;
11-01-2024;01:09:00;  9,6; 41,1; 46,1; 25,2;  0,0; 25,4;  0,0;  0,0; 21,1; 20,2;  0,0; 20,4; 40,0;  45;pøipraven;netopí;
11-01-2024;01:10:00;  9,6; 41,1; 46,1; 25,2;  0,0; 25,4;  0,0;  0,0; 21,0; 20,1;  0,0; 20,4; 40,0;  45;pøipraven;netopí;
11-01-2024;01:11:00; 10,2; 41,1; 46,2; 25,2;  0,0; 25,4;  0,0;  0,0; 20,9; 20,1;  0,0; 20,4; 40,0;  45;pøipraven;netopí;
11-01-2024;01:12:00; 10,7; 41,1; 46,1; 25,2;  0,0; 25,4;  0,0;  0,0; 20,9; 20,0;  0,0; 20,4; 40,0;  45;pøipraven;netopí;
11-01-2024;01:13:00; 10,6; 41,1; 46,1; 25,2;  0,0; 25,4;  0,0;  0,0; 20,8; 20,0;  0,0; 20,4; 40,0;  45;pøipraven;netopí;
11-01-2024;01:14:00; 10,3; 41,1; 46,1; 25,2;  0,0; 25,4;  0,0;  0,0; 20,8; 19,9;  0,0; 20,4; 40,0;  45;pøipraven;netopí;
11-01-2024;01:15:00;  9,9; 41,1; 46,1; 25,2;  0,0; 25,4;  0,0;  0,0; 20,7; 19,9;  0,0; 20,4; 40,0;  45;pøipraven;netopí;
11-01-2024;01:16:00; 10,1; 41,1; 46,1; 25,2;  0,0; 25,4;  0,0;  0,0; 20,6; 19,8;  0,0; 20,4; 40,0;  45;pøipraven;netopí;
11-01-2024;01:17:00; 10,7; 41,1; 46,1; 25,2;  0,0; 25,4;  0,0;  0,0; 20,6; 19,8;  0,0; 20,4; 40,0;  45;pøipraven;netopí;
11-01-2024;01:18:00; 10,9; 41,1; 46,1; 25,2;  0,0; 25,4;  0,0;  0,0; 20,5; 19,8;  0,0; 20,4; 40,0;  45;pøipraven;netopí;
11-01-2024;01:19:00; 10,6; 41,1; 46,1; 25,2;  0,0; 25,4;  0,0;  0,0; 20,5; 19,7;  0,0; 20,4; 40,0;  45;pøipraven;netopí;
11-01-2024;01:20:00; 10,1; 41,1; 46,1; 25,2;  0,0; 25,4;  0,0;  0,0; 20,4; 19,7;  0,0; 20,4; 40,0;  45;pøipraven;netopí;
11-01-2024;01:21:00;  9,9; 41,1; 46,1; 25,2;  0,0; 25,4;  0,0;  0,0; 20,4; 19,7;  0,0; 20,4; 40,0;  45;pøipraven;netopí;
11-01-2024;01:22:00; 10,3; 41,1; 46,1; 25,2;  0,0; 25,4;  0,0;  0,0; 20,3; 19,6;  0,0; 20,4; 40,0;  45;pøipraven;netopí;
11-01-2024;01:23:00; 10,6; 41,1; 46,1; 25,2;  0,0; 25,4;  0,0;  0,0; 20,3; 19,6;  0,0; 20,4; 40,0;  45;pøipraven;netopí;
11-01-2024;01:24:00; 10,4; 41,1; 46,1; 25,2;  0,0; 25,4;  0,0;  0,0; 20,2; 19,6;  0,0; 20,4; 40,0;  45;pøipraven;netopí;
11-01-2024;01:25:00;  9,9; 41,1; 46,0; 25,1;  0,0; 25,4;  0,0;  0,0; 20,1; 19,5;  0,0; 20,4; 40,0;  45;pøipraven;netopí;
11-01-2024;01:26:00;  9,9; 41,1; 46,1; 25,2;  0,0; 25,4;  0,0;  0,0; 20,1; 19,5;  0,0; 20,4; 40,0;  45;pøipraven;netopí;
11-01-2024;01:27:00; 10,5; 41,1; 46,1; 25,2;  0,0; 25,4;  0,0;  0,0; 20,1; 19,5;  0,0; 20,4; 40,0;  45;pøipraven;netopí;
11-01-2024;01:28:00; 10,9; 41,1; 46,1; 25,2;  0,0; 25,4;  0,0;  0,0; 20,0; 19,4;  0,0; 20,5; 40,0;  45;pøipraven;netopí;
11-01-2024;01:29:00; 10,8; 41,1; 46,1; 25,2;  0,0; 25,4;  0,0;  0,0; 20,0; 19,4;  0,0; 20,5; 40,0;  45;pøipraven;netopí;
11-01-2024;01:30:00; 10,4; 41,1; 46,1; 25,2;  0,0; 25,4;  0,0;  0,0; 19,9; 19,3;  0,0; 20,5; 40,0;  45;pøipraven;netopí;
11-01-2024;01:31:00; 10,0; 41,1; 46,1; 25,2;  0,0; 25,4;  0,0;  0,0; 19,9; 19,3;  0,0; 20,4; 40,0;  45;pøipraven;netopí;
11-01-2024;01:32:00; 10,2; 41,1; 46,1; 25,2;  0,0; 25,4;  0,0;  0,0; 19,8; 19,3;  0,0; 20,4; 40,0;  45;pøipraven;netopí;
11-01-2024;01:33:00; 10,8; 41,1; 46,1; 25,2;  0,0; 25,4;  0,0;  0,0; 19,7; 19,2;  0,0; 20,4; 40,0;  45;pøipraven;netopí;
11-01-2024;01:34:00; 11,0; 41,1; 46,1; 25,2;  0,0; 25,4;  0,0;  0,0; 19,7; 19,2;  0,0; 20,4; 40,0;  45;pøipraven;netopí;
11-01-2024;01:35:00; 10,7; 41,1; 46,1; 25,2;  0,0; 25,4;  0,0;  0,0; 19,7; 19,2;  0,0; 20,4; 40,0;  45;pøipraven;netopí;
11-01-2024;01:36:00; 10,3; 41,1; 46,1; 25,2;  0,0; 25,4;  0,0;  0,0; 19,6; 19,1;  0,0; 20,4; 40,0;  45;pøipraven;netopí;
11-01-2024;01:37:00;  9,9; 41,1; 46,1; 25,2;  0,0; 25,4;  0,0;  0,0; 19,6; 19,1;  0,0; 20,4; 40,0;  45;pøipraven;netopí;
11-01-2024;01:38:00; 10,0; 41,1; 46,1; 25,2;  0,0; 25,4;  0,0;  0,0; 19,5; 19,1;  0,0; 20,4; 40,0;  45;pøipraven;netopí;
11-01-2024;01:39:00; 10,5; 41,1; 46,1; 25,2;  0,0; 25,4;  0,0;  0,0; 19,5; 19,0;  0,0; 20,4; 40,0;  45;pøipraven;netopí;
11-01-2024;01:40:00; 10,7; 41,1; 46,1; 25,2;  0,0; 25,4;  0,0;  0,0; 19,4; 19,0;  0,0; 20,4; 40,0;  45;pøipraven;netopí;
11-01-2024;01:41:00; 10,3; 41,1; 46,0; 25,2;  0,0; 25,4;  0,0;  0,0; 19,4; 19,0;  0,0; 20,4; 40,0;  45;pøipraven;netopí;
11-01-2024;01:42:00;  9,9; 41,1; 46,0; 25,2;  0,0; 25,4;  0,0;  0,0; 19,3; 18,9;  0,0; 20,4; 40,0;  45;pøipraven;netopí;
11-01-2024;01:43:00; 10,0; 41,1; 46,0; 25,2;  0,0; 25,4;  0,0;  0,0; 19,3; 18,9;  0,0; 20,4; 40,0;  45;pøipraven;netopí;
11-01-2024;01:44:00; 10,7; 41,1; 46,0; 25,2;  0,0; 25,4;  0,0;  0,0; 19,2; 18,9;  0,0; 20,4; 40,0;  45;pøipraven;netopí;
11-01-2024;01:45:00; 11,0; 41,1; 46,0; 25,2;  0,0; 25,4;  0,0;  0,0; 19,2; 18,8;  0,0; 20,4; 40,0;  45;pøipraven;netopí;
11-01-2024;01:46:00; 10,8; 41,1; 46,1; 25,2;  0,0; 25,4;  0,0;  0,0; 19,2; 18,8;  0,0; 20,4; 40,0;  45;pøipraven;netopí;
11-01-2024;01:47:00; 10,4; 41,1; 46,1; 25,2;  0,0; 25,4;  0,0;  0,0; 19,1; 18,8;  0,0; 20,4; 40,0;  45;pøipraven;netopí;
11-01-2024;01:48:00; 10,1; 41,1; 46,0; 25,2;  0,0; 25,4;  0,0;  0,0; 19,0; 18,7;  0,0; 20,4; 40,0;  45;pøipraven;netopí;
11-01-2024;01:49:00; 10,1; 41,1; 46,0; 25,2;  0,0; 25,4;  0,0;  0,0; 19,0; 18,7;  0,0; 20,4; 40,0;  45;pøipraven;netopí;
11-01-2024;01:50:00; 10,7; 41,1; 46,0; 25,2;  0,0; 25,4;  0,0;  0,0; 18,9; 18,7;  0,0; 20,4; 40,0;  45;pøipraven;netopí;
11-01-2024;01:51:00; 10,9; 41,1; 46,0; 25,2;  0,0; 25,4;  0,0;  0,0; 18,9; 18,7;  0,0; 20,4; 40,0;  45;pøipraven;netopí;
11-01-2024;01:52:00; 10,6; 41,1; 46,0; 25,2;  0,0; 25,4;  0,0;  0,0; 18,9; 18,6;  0,0; 20,4; 40,0;  45;pøipraven;netopí;
11-01-2024;01:53:00; 10,0; 41,1; 46,0; 25,2;  0,0; 25,4;  0,0;  0,0; 18,8; 18,6;  0,0; 20,4; 40,0;  45;pøipraven;netopí;
11-01-2024;01:54:00;  9,7; 41,1; 46,0; 25,2;  0,0; 25,4;  0,0;  0,0; 18,8; 18,6;  0,0; 20,4; 40,0;  45;pøipraven;netopí;
11-01-2024;01:55:00; 10,1; 41,1; 46,0; 25,2;  0,0; 25,4;  0,0;  0,0; 18,7; 18,5;  0,0; 20,4; 40,0;  45;pøipraven;netopí;
11-01-2024;01:56:00; 10,7; 41,1; 46,0; 25,2;  0,0; 25,4;  0,0;  0,0; 18,7; 18,5;  0,0; 20,4; 40,0;  45;pøipraven;netopí;
11-01-2024;01:57:00; 10,7; 41,1; 46,0; 25,2;  0,0; 25,4;  0,0;  0,0; 18,7; 18,5;  0,0; 20,4; 40,0;  45;pøipraven;netopí;
11-01-2024;01:58:00; 10,4; 41,1; 46,0; 25,1;  0,0; 25,4;  0,0;  0,0; 18,6; 18,4;  0,0; 20,4; 40,0;  45;pøipraven;netopí;
11-01-2024;01:59:00;  9,9; 41,1; 46,0; 25,2;  0,0; 25,4;  0,0;  0,0; 18,6; 18,4;  0,0; 20,4; 40,0;  45;pøipraven;netopí;
11-01-2024;02:00:00; 10,1; 41,1; 46,0; 25,2;  0,0; 25,4;  0,0;  0,0; 18,5; 18,4;  0,0; 20,4; 40,0;  45;pøipraven;netopí;
11-01-2024;02:01:00; 10,7; 41,1; 46,0; 25,2;  0,0; 25,4;  0,0;  0,0; 18,5; 18,3;  0,0; 20,4; 40,0;  45;pøipraven;netopí;
11-01-2024;02:02:00; 11,0; 41,0; 46,0; 25,2;  0,0; 25,4;  0,0;  0,0; 18,4; 18,3;  0,0; 20,4; 40,0;  45;pøipraven;netopí;
11-01-2024;02:03:00; 10,8; 41,1; 46,0; 25,2;  0,0; 25,4;  0,0;  0,0; 18,4; 18,3;  0,0; 20,4; 40,0;  45;pøipraven;netopí;
11-01-2024;02:04:00; 10,5; 41,1; 46,0; 25,2;  0,0; 25,4;  0,0;  0,0; 18,4; 18,3;  0,0; 20,4; 40,0;  45;pøipraven;netopí;
11-01-2024;02:05:00; 10,1; 41,0; 45,9; 25,2;  0,0; 25,4;  0,0;  0,0; 18,3; 18,2;  0,0; 20,4; 40,0;  45;pøipraven;netopí;
11-01-2024;02:06:00; 10,0; 41,1; 46,0; 25,2;  0,0; 25,4;  0,0;  0,0; 18,3; 18,2;  0,0; 20,4; 40,0;  45;pøipraven;netopí;
11-01-2024;02:07:00; 10,6; 41,1; 46,0; 25,2;  0,0; 25,4;  0,0;  0,0; 18,2; 18,2;  0,0; 20,4; 40,0;  45;pøipraven;netopí;
11-01-2024;02:08:00; 10,8; 41,1; 46,0; 25,2;  0,0; 25,4;  0,0;  0,0; 18,2; 18,1;  0,0; 20,4; 40,0;  45;pøipraven;netopí;
11-01-2024;02:09:00; 10,5; 41,1; 46,0; 25,2;  0,0; 25,4;  0,0;  0,0; 18,1; 18,1;  0,0; 20,4; 40,0;  45;pøipraven;netopí;
11-01-2024;02:10:00;  9,9; 41,0; 45,9; 25,1;  0,0; 25,4;  0,0;  0,0; 18,1; 18,1;  0,0; 20,4; 40,0;  45;pøipraven;netopí;
11-01-2024;02:11:00;  9,8; 41,0; 45,9; 25,2;  0,0; 25,4;  0,0;  0,0; 18,1; 18,1;  0,0; 20,4; 40,0;  45;pøipraven;netopí;
11-01-2024;02:12:00; 10,3; 41,0; 45,9; 25,2;  0,0; 25,4;  0,0;  0,0; 18,0; 18,0;  0,0; 20,4; 40,0;  45;pøipraven;netopí;
11-01-2024;02:13:00; 10,8; 41,0; 45,9; 25,2;  0,0; 20,0;  0,0;  0,0; 18,0; 18,0;  0,0; 20,4; 40,0;  45;pøipraven;netopí;
11-01-2024;02:14:00; 10,9; 41,0; 45,9; 25,2;  0,0; 20,0;  0,0;  0,0; 18,0; 18,0;  0,0; 20,4; 40,0;  45;pøipraven;netopí;
11-01-2024;02:15:00; 11,1; 41,0; 45,9; 25,2;  0,0; 20,0;  0,0;  0,0; 17,9; 17,9;  0,0; 20,4; 40,0;  45;pøipraven;netopí;
11-01-2024;02:16:00; 11,2; 41,1; 46,0; 25,2;  0,0; 20,0;  0,0;  0,0; 17,9; 18,0;  0,0; 20,4; 40,0;  45;pøipraven;netopí;
11-01-2024;02:17:00; 11,6; 41,0; 45,9; 24,3;  0,0; 20,0;  0,0;  0,0; 17,8; 17,9;  0,0; 20,4; 40,0;  45;pøipraven;netopí;
11-01-2024;02:18:00; 11,7; 41,0; 45,9; 21,9;  0,0; 20,0;  0,0;  0,0; 17,8; 17,9;  0,0; 20,4; 40,0;  45;pøipraven;netopí;
11-01-2024;02:19:00; 11,8; 41,0; 45,9; 20,9;  0,0; 20,0;  0,0;  0,0; 17,8; 17,9;  0,0; 20,4; 40,0;  45;pøipraven;netopí;
11-01-2024;02:20:00; 11,8; 41,0; 45,9; 20,2;  0,0; 20,0;  0,0;  0,0; 17,8; 17,9;  0,0; 20,4; 40,0;  45;pøipraven;netopí;
11-01-2024;02:21:00; 11,9; 41,0; 45,9; 20,1;  0,0; 20,0;  0,0;  0,0; 17,8; 17,9;  0,0; 20,4; 40,0;  45;pøipraven;netopí;
11-01-2024;02:22:00; 11,9; 41,0; 45,9; 20,0;  0,0; 20,0;  0,0;  0,0; 17,7; 17,9;  0,0; 20,4; 40,0;  45;pøipraven;netopí;
11-01-2024;02:23:00; 11,9; 41,0; 45,9; 20,0;  0,0; 20,0;  0,0;  0,0; 17,7; 17,9;  0,0; 20,4; 40,0;  45;pøipraven;netopí;
11-01-2024;02:24:00; 11,9; 41,0; 45,9; 20,1;  0,0; 20,0;  0,0;  0,0; 17,7; 17,9;  0,0; 20,4; 40,0;  45;pøipraven;netopí;
11-01-2024;02:25:00; 12,0; 41,0; 45,9; 20,2;  0,0; 20,0;  0,0;  0,0; 17,7; 17,9;  0,0; 20,4; 40,0;  45;pøipraven;netopí;
11-01-2024;02:26:00; 12,0; 41,0; 45,9; 20,4;  0,0; 20,0;  0,0;  0,0; 17,7; 17,9;  0,0; 20,4; 40,0;  45;pøipraven;netopí;
11-01-2024;02:27:00; 12,0; 41,0; 45,9; 20,8;  0,0; 20,0;  0,0;  0,0; 17,6; 17,9;  0,0; 20,4; 40,0;  45;pøipraven;netopí;
11-01-2024;02:28:00; 12,1; 41,0; 45,9; 21,6;  0,0; 20,0;  0,0;  0,0; 17,7; 17,9;  0,0; 20,4; 40,0;  45;pøipraven;netopí;
11-01-2024;02:29:00; 12,1; 41,0; 45,9; 22,7;  0,0; 20,0;  0,0;  0,0; 17,6; 17,9;  0,0; 20,4; 40,0;  45;pøipraven;netopí;
11-01-2024;02:30:00; 12,1; 41,0; 45,9; 24,0;  0,0; 20,0;  0,0;  0,0; 17,6; 17,9;  0,0; 20,4; 40,0;  45;pøipraven;netopí;
11-01-2024;02:31:00; 12,1; 41,0; 45,9; 25,2;  0,0; 20,0;  0,0;  0,0; 17,6; 17,9;  0,0; 20,4; 40,0;  45;pøipraven;netopí;
11-01-2024;02:32:00; 12,2; 41,0; 45,9; 26,5;  0,0; 20,0;  0,0;  0,0; 17,6; 17,9;  0,0; 20,4; 40,0;  45;pøipraven;netopí;
11-01-2024;02:33:00; 12,2; 41,0; 45,9; 27,5;  0,0; 20,0;  0,0;  0,0; 17,5; 17,9;  0,0; 20,4; 40,0;  45;pøipraven;netopí;
11-01-2024;02:34:00; 12,2; 41,0; 45,9; 28,3;  0,0; 20,0;  0,0;  0,0; 17,5; 17,9;  0,0; 20,4; 40,0;  45;pøipraven;netopí;
11-01-2024;02:35:00; 12,2; 41,0; 45,9; 29,0;  0,0; 20,0;  0,0;  0,0; 17,5; 17,9;  0,0; 20,5; 40,0;  45;pøipraven;netopí;
11-01-2024;02:36:00; 12,2; 41,0; 45,9; 29,5;  0,0; 20,0;  0,0;  0,0; 17,5; 17,9;  0,0; 20,4; 40,0;  45;pøipraven;netopí;
11-01-2024;02:37:00; 12,3; 41,0; 45,9; 29,8;  0,0; 20,0;  0,0;  0,0; 17,5; 17,9;  0,0; 20,4; 40,0;  45;pøipraven;netopí;
11-01-2024;02:38:00; 12,3; 40,9; 45,9; 30,0;  0,0; 20,0;  0,0;  0,0; 17,4; 17,8;  0,0; 20,4; 40,0;  45;pøipraven;netopí;
11-01-2024;02:39:00; 12,3; 41,0; 45,9; 30,1;  0,0; 20,0;  0,0;  0,0; 17,4; 17,9;  0,0; 20,5; 40,0;  45;pøipraven;netopí;
11-01-2024;02:40:00; 12,3; 41,0; 45,9; 30,2;  0,0; 20,0;  0,0;  0,0; 17,4; 17,8;  0,0; 20,4; 40,0;  45;pøipraven;netopí;
11-01-2024;02:41:00; 12,4; 41,0; 45,9; 30,1;  0,0; 20,0;  0,0;  0,0; 17,3; 17,9;  0,0; 20,4; 40,0;  45;pøipraven;netopí;
11-01-2024;02:42:00; 12,4; 40,9; 45,8; 30,1;  0,0; 20,0;  0,0;  0,0; 17,3; 17,8;  0,0; 20,4; 40,0;  45;pøipraven;netopí;
11-01-2024;02:43:00; 12,4; 40,9; 45,8; 30,0;  0,0; 20,0;  0,0;  0,0; 17,3; 17,8;  0,0; 20,4; 40,0;  45;pøipraven;netopí;
11-01-2024;02:44:00; 12,4; 40,9; 45,9; 29,9;  0,0; 20,0;  0,0;  0,0; 17,3; 17,8;  0,0; 20,4; 40,0;  45;pøipraven;netopí;
11-01-2024;02:45:00; 12,5; 41,0; 45,9; 29,9;  0,0; 20,0;  0,0;  0,0; 17,3; 17,9;  0,0; 20,4; 40,0;  45;pøipraven;netopí;
11-01-2024;02:46:00; 12,5; 41,0; 45,9; 29,9;  0,0; 20,0;  0,0;  0,0; 17,2; 17,8;  0,0; 20,4; 40,0;  45;pøipraven;netopí;
11-01-2024;02:47:00; 12,5; 40,9; 45,9; 29,8;  0,0; 20,0;  0,0;  0,0; 17,2; 17,8;  0,0; 20,4; 40,0;  45;pøipraven;netopí;
11-01-2024;02:48:00; 12,5; 40,9; 45,8; 29,7;  0,0; 20,0;  0,0;  0,0; 17,2; 17,8;  0,0; 20,4; 40,0;  45;pøipraven;netopí;
11-01-2024;02:49:00; 12,6; 41,0; 45,9; 29,7;  0,0; 20,0;  0,0;  0,0; 17,2; 17,8;  0,0; 20,5; 40,0;  45;pøipraven;netopí;
11-01-2024;02:50:00; 12,6; 41,0; 45,9; 29,7;  0,0; 20,0;  0,0;  0,0; 17,2; 17,9;  0,0; 20,5; 40,0;  45;pøipraven;netopí;
11-01-2024;02:51:00; 12,6; 40,9; 45,8; 29,7;  0,0; 20,0;  0,0;  0,0; 17,1; 17,8;  0,0; 20,4; 40,0;  45;pøipraven;netopí;
11-01-2024;02:52:00; 12,6; 40,9; 45,8; 29,6;  0,0; 20,0;  0,0;  0,0; 17,1; 17,8;  0,0; 20,4; 40,0;  45;pøipraven;netopí;
11-01-2024;02:53:00; 12,7; 41,0; 45,9; 29,6;  0,0; 20,0;  0,0;  0,0; 17,1; 17,8;  0,0; 20,5; 40,0;  45;pøipraven;netopí;
11-01-2024;02:54:00; 12,7; 40,9; 45,8; 29,5;  0,0; 20,0;  0,0;  0,0; 17,1; 17,8;  0,0; 20,4; 40,0;  45;pøipraven;netopí;
11-01-2024;02:55:00; 12,7; 40,9; 45,8; 29,5;  0,0; 20,0;  0,0;  0,0; 17,0; 17,8;  0,0; 20,4; 40,0;  45;pøipraven;netopí;
11-01-2024;02:56:00; 12,7; 40,9; 45,8; 29,5;  0,0; 20,0;  0,0;  0,0; 17,0; 17,8;  0,0; 20,4; 40,0;  45;pøipraven;netopí;
11-01-2024;02:57:00; 12,7; 40,9; 45,8; 29,4;  0,0; 20,0;  0,0;  0,0; 17,0; 17,7;  0,0; 20,4; 40,0;  45;pøipraven;netopí;
11-01-2024;02:58:00; 12,8; 40,9; 45,8; 29,4;  0,0; 20,0;  0,0;  0,0; 17,0; 17,8;  0,0; 20,4; 40,0;  45;pøipraven;netopí;
11-01-2024;02:59:00; 12,8; 40,9; 45,8; 29,4;  0,0; 20,0;  0,0;  0,0; 17,0; 17,7;  0,0; 20,4; 40,0;  45;pøipraven;netopí;
11-01-2024;03:00:00; 12,8; 40,9; 45,8; 29,3;  0,0; 20,0;  0,0;  0,0; 16,9; 17,7;  0,0; 20,4; 40,0;  45;pøipraven;netopí;
11-01-2024;03:01:00; 12,8; 40,9; 45,8; 29,3;  0,0; 20,0;  0,0;  0,0; 17,0; 17,7;  0,0; 20,4; 40,0;  45;pøipraven;netopí;
11-01-2024;03:02:00; 12,9; 40,9; 45,8; 29,3;  0,0; 20,0;  0,0;  0,0; 16,9; 17,7;  0,0; 20,4; 40,0;  45;pøipraven;netopí;
11-01-2024;03:03:00; 12,9; 40,9; 45,8; 29,2;  0,0; 20,0;  0,0;  0,0; 16,9; 17,7;  0,0; 20,4; 40,0;  45;pøipraven;netopí;
11-01-2024;03:04:00; 12,9; 41,0; 45,8; 29,2;  0,0; 20,0;  0,0;  0,0; 16,9; 17,7;  0,0; 20,5; 40,0;  45;pøipraven;netopí;
11-01-2024;03:05:00; 12,9; 41,0; 45,8; 29,2;  0,0; 20,0;  0,0;  0,0; 16,9; 17,7;  0,0; 20,5; 40,0;  45;pøipraven;netopí;
11-01-2024;03:06:00; 12,9; 40,9; 45,8; 29,1;  0,0; 20,0;  0,0;  0,0; 16,9; 17,7;  0,0; 20,4; 40,0;  45;pøipraven;netopí;
11-01-2024;03:07:00; 13,0; 40,9; 45,8; 29,1;  0,0; 20,0;  0,0;  0,0; 16,8; 17,7;  0,0; 20,4; 40,0;  45;pøipraven;netopí;
11-01-2024;03:08:00; 13,0; 40,9; 45,8; 29,1;  0,0; 20,0;  0,0;  0,0; 16,8; 17,7;  0,0; 20,4; 40,0;  45;pøipraven;netopí;
11-01-2024;03:09:00; 13,0; 40,9; 45,8; 29,1;  0,0; 20,0;  0,0;  0,0; 16,8; 17,7;  0,0; 20,5; 40,0;  45;pøipraven;netopí;
11-01-2024;03:10:00; 13,0; 40,9; 45,8; 29,0;  0,0; 20,0;  0,0;  0,0; 16,8; 17,7;  0,0; 20,5; 40,0;  45;pøipraven;netopí;
11-01-2024;03:11:00; 13,0; 40,9; 45,8; 29,0;  0,0; 20,0;  0,0;  0,0; 16,8; 17,7;  0,0; 20,4; 40,0;  45;pøipraven;netopí;
11-01-2024;03:12:00; 13,0; 40,9; 45,8; 28,9;  0,0; 20,0;  0,0;  0,0; 16,8; 17,7;  0,0; 20,4; 40,0;  45;pøipraven;netopí;
11-01-2024;03:13:00; 13,1; 40,9; 45,8; 28,9;  0,0; 20,0;  0,0;  0,0; 16,7; 17,6;  0,0; 20,4; 40,0;  45;pøipraven;netopí;
11-01-2024;03:14:00; 13,1; 40,9; 45,8; 28,9;  0,0; 20,0;  0,0;  0,0; 16,7; 17,6;  0,0; 20,5; 40,0;  45;pøipraven;netopí;
11-01-2024;03:15:00; 13,1; 40,9; 45,8; 28,9;  0,0; 20,0;  0,0;  0,0; 16,7; 17,6;  0,0; 20,4; 40,0;  45;pøipraven;netopí;
11-01-2024;03:16:00; 13,1; 40,9; 45,8; 28,9;  0,0; 20,0;  0,0;  0,0; 16,7; 17,6;  0,0; 20,5; 40,0;  45;pøipraven;netopí;
11-01-2024;03:17:00; 13,1; 40,9; 45,8; 28,8;  0,0; 20,0;  0,0;  0,0; 16,7; 17,6;  0,0; 20,4; 40,0;  45;pøipraven;netopí;
11-01-2024;03:18:00; 13,1; 40,9; 45,8; 28,8;  0,0; 20,0;  0,0;  0,0; 16,7; 17,6;  0,0; 20,4; 40,0;  45;pøipraven;netopí;
11-01-2024;03:19:00; 13,2; 40,9; 45,8; 28,8;  0,0; 20,0;  0,0;  0,0; 16,7; 17,6;  0,0; 20,5; 40,0;  45;pøipraven;netopí;
11-01-2024;03:20:00; 13,2; 40,9; 45,7; 28,8;  0,0; 20,0;  0,0;  0,0; 16,6; 17,5;  0,0; 20,4; 40,0;  45;pøipraven;netopí;
11-01-2024;03:21:00; 13,2; 40,9; 45,8; 28,7;  0,0; 20,0;  0,0;  0,0; 16,6; 17,6;  0,0; 20,5; 40,0;  45;pøipraven;netopí;
11-01-2024;03:22:00; 13,2; 40,9; 45,8; 28,7;  0,0; 20,0;  0,0;  0,0; 16,6; 17,5;  0,0; 20,4; 40,0;  45;pøipraven;netopí;
11-01-2024;03:23:00; 13,2; 40,9; 45,8; 28,7;  0,0; 20,0;  0,0;  0,0; 16,6; 17,6;  0,0; 20,5; 40,0;  45;pøipraven;netopí;
11-01-2024;03:24:00; 13,2; 40,9; 45,8; 28,6;  0,0; 20,0;  0,0;  0,0; 16,6; 17,5;  0,0; 20,5; 40,0;  45;pøipraven;netopí;
11-01-2024;03:25:00; 13,2; 40,9; 45,7; 28,6;  0,0; 20,0;  0,0;  0,0; 16,5; 17,5;  0,0; 20,4; 40,0;  45;pøipraven;netopí;
11-01-2024;03:26:00; 13,3; 40,9; 45,7; 28,6;  0,0; 20,0;  0,0;  0,0; 16,5; 17,5;  0,0; 20,4; 40,0;  45;pøipraven;netopí;
11-01-2024;03:27:00; 13,3; 40,9; 45,8; 28,6;  0,0; 20,0;  0,0;  0,0; 16,6; 17,5;  0,0; 20,5; 40,0;  45;pøipraven;netopí;
11-01-2024;03:28:00; 13,3; 40,9; 45,7; 28,6;  0,0; 20,0;  0,0;  0,0; 16,5; 17,5;  0,0; 20,4; 40,0;  45;pøipraven;netopí;
11-01-2024;03:29:00; 13,3; 40,9; 45,8; 28,6;  0,0; 20,0;  0,0;  0,0; 16,5; 17,5;  0,0; 20,5; 40,0;  45;pøipraven;netopí;
11-01-2024;03:30:00; 13,3; 40,9; 45,7; 28,5;  0,0; 20,0;  0,0;  0,0; 16,5; 17,5;  0,0; 20,4; 40,0;  45;pøipraven;netopí;
11-01-2024;03:31:00; 13,3; 40,9; 45,7; 28,5;  0,0; 20,0;  0,0;  0,0; 16,5; 17,5;  0,0; 20,4; 40,0;  45;pøipraven;netopí;
11-01-2024;03:32:00; 13,4; 40,9; 45,7; 28,5;  0,0; 20,0;  0,0;  0,0; 16,5; 17,5;  0,0; 20,4; 40,0;  45;pøipraven;netopí;
11-01-2024;03:33:00; 13,4; 40,9; 45,7; 28,4;  0,0; 20,0;  0,0;  0,0; 16,5; 17,4;  0,0; 20,4; 40,0;  45;pøipraven;netopí;
11-01-2024;03:34:00; 13,4; 40,9; 45,7; 28,4;  0,0; 20,0;  0,0;  0,0; 16,4; 17,4;  0,0; 20,5; 40,0;  45;pøipraven;netopí;
11-01-2024;03:35:00; 13,4; 40,9; 45,7; 28,4;  0,0; 20,0;  0,0;  0,0; 16,5; 17,5;  0,0; 20,5; 40,0;  45;pøipraven;netopí;
11-01-2024;03:36:00; 13,4; 40,9; 45,7; 28,3;  0,0; 20,0;  0,0;  0,0; 16,4; 17,4;  0,0; 20,5; 40,0;  45;pøipraven;netopí;
11-01-2024;03:37:00; 13,4; 40,9; 45,7; 28,4;  0,0; 20,0;  0,0;  0,0; 16,4; 17,4;  0,0; 20,5; 40,0;  45;pøipraven;netopí;
11-01-2024;03:38:00; 13,4; 40,9; 45,7; 28,3;  0,0; 20,0;  0,0;  0,0; 16,4; 17,4;  0,0; 20,5; 40,0;  45;pøipraven;netopí;
11-01-2024;03:39:00; 13,4; 40,9; 45,7; 28,3;  0,0; 20,0;  0,0;  0,0; 16,4; 17,4;  0,0; 20,4; 40,0;  45;pøipraven;netopí;
11-01-2024;03:40:00; 13,5; 40,8; 45,7; 28,2;  0,0; 20,0;  0,0;  0,0; 16,4; 17,4;  0,0; 20,4; 40,0;  45;pøipraven;netopí;
11-01-2024;03:41:00; 13,5; 40,9; 45,7; 28,2;  0,0; 20,0;  0,0;  0,0; 16,4; 17,4;  0,0; 20,4; 40,0;  45;pøipraven;netopí;
11-01-2024;03:42:00; 13,5; 40,9; 45,7; 28,2;  0,0; 20,0;  0,0;  0,0; 16,4; 17,3;  0,0; 20,5; 40,0;  45;pøipraven;netopí;
11-01-2024;03:43:00; 13,5; 40,9; 45,7; 28,2;  0,0; 20,0;  0,0;  0,0; 16,3; 17,3;  0,0; 20,4; 40,0;  45;pøipraven;netopí;
11-01-2024;03:44:00; 13,5; 40,9; 45,7; 28,2;  0,0; 20,0;  0,0;  0,0; 16,3; 17,3;  0,0; 20,5; 40,0;  45;pøipraven;netopí;
11-01-2024;03:45:00; 13,5; 40,9; 45,7; 28,2;  0,0; 20,0;  0,0;  0,0; 16,3; 17,3;  0,0; 20,4; 40,0;  45;pøipraven;netopí;
11-01-2024;03:46:00; 13,6; 40,9; 45,7; 28,1;  0,0; 20,0;  0,0;  0,0; 16,3; 17,3;  0,0; 20,5; 40,0;  45;pøipraven;netopí;
11-01-2024;03:47:00; 13,6; 40,8; 45,7; 28,1;  0,0; 20,0;  0,0;  0,0; 16,3; 17,3;  0,0; 20,4; 40,0;  45;pøipraven;netopí;
11-01-2024;03:48:00; 13,6; 40,9; 45,7; 28,1;  0,0; 20,0;  0,0;  0,0; 16,3; 17,3;  0,0; 20,4; 40,0;  45;pøipraven;netopí;
11-01-2024;03:49:00; 13,6; 40,9; 45,7; 28,1;  0,0; 20,0;  0,0;  0,0; 16,3; 17,3;  0,0; 20,5; 40,0;  45;pøipraven;netopí;
11-01-2024;03:50:00; 13,6; 40,9; 45,7; 28,1;  0,0; 20,0;  0,0;  0,0; 16,2; 17,3;  0,0; 20,4; 40,0;  45;pøipraven;netopí;
11-01-2024;03:51:00; 13,6; 40,8; 45,7; 28,0;  0,0; 20,0;  0,0;  0,0; 16,2; 17,3;  0,0; 20,5; 40,0;  45;pøipraven;netopí;
11-01-2024;03:52:00; 13,6; 40,9; 45,7; 28,0;  0,0; 20,0;  0,0;  0,0; 16,2; 17,3;  0,0; 20,5; 40,0;  45;pøipraven;netopí;
11-01-2024;03:53:00; 13,6; 40,8; 45,6; 28,0;  0,0; 20,0;  0,0;  0,0; 16,2; 17,2;  0,0; 20,4; 40,0;  45;pøipraven;netopí;
11-01-2024;03:54:00; 13,6; 40,8; 45,7; 28,0;  0,0; 20,0;  0,0;  0,0; 16,2; 17,3;  0,0; 20,5; 40,0;  45;pøipraven;netopí;
11-01-2024;03:55:00; 13,7; 40,9; 45,7; 28,0;  0,0; 20,0;  0,0;  0,0; 16,2; 17,2;  0,0; 20,5; 40,0;  45;pøipraven;netopí;
11-01-2024;03:56:00; 13,7; 40,9; 45,7; 28,0;  0,0; 20,0;  0,0;  0,0; 16,2; 17,2;  0,0; 20,5; 40,0;  45;pøipraven;netopí;
11-01-2024;03:57:00; 13,7; 40,9; 45,7; 27,9;  0,0; 20,0;  0,0;  0,0; 16,2; 17,2;  0,0; 20,5; 40,0;  45;pøipraven;netopí;
11-01-2024;03:58:00; 13,7; 40,8; 45,6; 27,9;  0,0; 20,0;  0,0;  0,0; 16,2; 17,2;  0,0; 20,4; 40,0;  45;pøipraven;netopí;
11-01-2024;03:59:00; 13,7; 40,9; 45,7; 27,9;  0,0; 20,0;  0,0;  0,0; 16,2; 17,2;  0,0; 20,5; 40,0;  45;pøipraven;netopí;
11-01-2024;04:00:00; 13,7; 40,8; 45,6; 27,9;  0,0; 20,0;  0,0;  0,0; 16,1; 17,2;  0,0; 20,4; 40,0;  45;pøipraven;netopí;
11-01-2024;04:01:00; 13,7; 40,8; 45,6; 27,9;  0,0; 20,0;  0,0;  0,0; 16,1; 17,2;  0,0; 20,4; 40,0;  45;pøipraven;netopí;
11-01-2024;04:02:00; 13,7; 40,8; 45,6; 27,9;  0,0; 20,0;  0,0;  0,0; 16,1; 17,2;  0,0; 20,4; 40,0;  45;pøipraven;netopí;
11-01-2024;04:03:00; 13,8; 40,8; 45,6; 27,8;  0,0; 20,0;  0,0;  0,0; 16,1; 17,2;  0,0; 20,5; 40,0;  45;pøipraven;netopí;
11-01-2024;04:04:00; 13,8; 40,8; 45,6; 27,8;  0,0; 20,0;  0,0;  0,0; 16,2; 17,2;  0,0; 20,5; 40,0;  45;pøipraven;netopí;
11-01-2024;04:05:00; 13,8; 40,8; 45,7; 27,8;  0,0; 20,0;  0,0;  0,0; 16,1; 17,2;  0,0; 20,5; 40,0;  45;pøipraven;netopí;
11-01-2024;04:06:00; 13,8; 40,8; 45,6; 27,8;  0,0; 20,0;  0,0;  0,0; 16,1; 17,1;  0,0; 20,4; 40,0;  45;pøipraven;netopí;
11-01-2024;04:07:00; 13,8; 40,8; 45,6; 27,8;  0,0; 20,0;  0,0;  0,0; 16,1; 17,2;  0,0; 20,5; 40,0;  45;pøipraven;netopí;
11-01-2024;04:08:00; 13,8; 40,8; 45,6; 27,7;  0,0; 20,0;  0,0;  0,0; 16,1; 17,1;  0,0; 20,4; 40,0;  45;pøipraven;netopí;
11-01-2024;04:09:00; 13,8; 40,9; 45,6; 27,8;  0,0; 20,0;  0,0;  0,0; 16,1; 17,1;  0,0; 20,5; 40,0;  45;pøipraven;netopí;
11-01-2024;04:10:00; 13,8; 40,8; 45,6; 27,7;  0,0; 20,0;  0,0;  0,0; 16,1; 17,1;  0,0; 20,5; 40,0;  45;pøipraven;netopí;
11-01-2024;04:11:00; 13,9; 40,8; 45,6; 27,7;  0,0; 20,0;  0,0;  0,0; 16,1; 17,1;  0,0; 20,5; 40,0;  45;pøipraven;netopí;
11-01-2024;04:12:00; 13,9; 40,8; 45,6; 27,7;  0,0; 20,0;  0,0;  0,0; 16,1; 17,1;  0,0; 20,5; 40,0;  45;pøipraven;netopí;
11-01-2024;04:13:00; 13,9; 40,8; 45,6; 27,7;  0,0; 20,0;  0,0;  0,0; 16,0; 17,1;  0,0; 20,5; 40,0;  45;pøipraven;netopí;
11-01-2024;04:14:00; 13,9; 40,8; 45,6; 27,6;  0,0; 20,0;  0,0;  0,0; 16,0; 17,1;  0,0; 20,5; 40,0;  45;pøipraven;netopí;
11-01-2024;04:15:00; 13,9; 40,8; 45,6; 27,6;  0,0; 20,0;  0,0;  0,0; 16,0; 17,1;  0,0; 20,4; 40,0;  45;pøipraven;netopí;
11-01-2024;04:16:00; 13,9; 40,8; 45,6; 27,6;  0,0; 20,0;  0,0;  0,0; 16,0; 17,1;  0,0; 20,5; 40,0;  45;pøipraven;netopí;
11-01-2024;04:17:00; 13,9; 40,8; 45,6; 27,6;  0,0; 20,0;  0,0;  0,0; 16,0; 17,0;  0,0; 20,5; 40,0;  45;pøipraven;netopí;
11-01-2024;04:18:00; 13,9; 40,8; 45,6; 27,6;  0,0; 20,0;  0,0;  0,0; 16,0; 17,0;  0,0; 20,5; 40,0;  45;pøipraven;netopí;
11-01-2024;04:19:00; 13,9; 40,9; 45,6; 27,6;  0,0; 20,0;  0,0;  0,0; 16,0; 17,0;  0,0; 20,5; 40,0;  45;pøipraven;netopí;
11-01-2024;04:20:00; 13,9; 40,8; 45,6; 27,6;  0,0; 20,0;  0,0;  0,0; 16,0; 17,0;  0,0; 20,5; 40,0;  45;pøipraven;netopí;
11-01-2024;04:21:00; 13,9; 40,8; 45,6; 27,6;  0,0; 20,0;  0,0;  0,0; 16,0; 17,0;  0,0; 20,5; 40,0;  45;pøipraven;netopí;
11-01-2024;04:22:00; 14,0; 40,8; 45,6; 27,5;  0,0; 20,0;  0,0;  0,0; 16,0; 17,0;  0,0; 20,5; 40,0;  45;pøipraven;netopí;
11-01-2024;04:23:00; 14,0; 40,8; 45,6; 27,5;  0,0; 20,0;  0,0;  0,0; 16,0; 17,0;  0,0; 20,4; 40,0;  45;pøipraven;netopí;
11-01-2024;04:24:00; 14,0; 40,8; 45,6; 27,5;  0,0; 20,0;  0,0;  0,0; 16,0; 17,0;  0,0; 20,5; 40,0;  45;pøipraven;netopí;
11-01-2024;04:25:00; 14,0; 40,8; 45,6; 27,5;  0,0; 20,0;  0,0;  0,0; 16,0; 17,0;  0,0; 20,5; 40,0;  45;pøipraven;netopí;
11-01-2024;04:26:00; 14,0; 40,8; 45,6; 27,5;  0,0; 20,0;  0,0;  0,0; 16,0; 16,9;  0,0; 20,5; 40,0;  45;pøipraven;netopí;
11-01-2024;04:27:00; 14,0; 40,8; 45,6; 27,5;  0,0; 20,0;  0,0;  0,0; 15,9; 16,9;  0,0; 20,4; 40,0;  45;pøipraven;netopí;
11-01-2024;04:28:00; 14,0; 40,8; 45,6; 27,5;  0,0; 20,0;  0,0;  0,0; 16,0; 16,9;  0,0; 20,5; 40,0;  45;pøipraven;netopí;
11-01-2024;04:29:00; 14,0; 40,8; 45,6; 27,5;  0,0; 20,0;  0,0;  0,0; 16,0; 17,0;  0,0; 20,5; 40,0;  45;pøipraven;netopí;
11-01-2024;04:30:00; 14,0; 40,8; 45,6; 27,5;  0,0; 20,0;  0,0;  0,0; 15,9; 16,9;  0,0; 20,5; 40,0;  45;pøipraven;netopí;
11-01-2024;04:31:00; 14,1; 40,8; 45,6; 27,4;  0,0; 20,0;  0,0;  0,0; 15,9; 16,9;  0,0; 20,5; 40,0;  45;pøipraven;netopí;
11-01-2024;04:32:00; 14,1; 40,8; 45,6; 27,4;  0,0; 20,0;  0,0;  0,0; 15,9; 16,9;  0,0; 20,5; 40,0;  45;pøipraven;netopí;
11-01-2024;04:33:00; 14,1; 40,8; 45,5; 27,4;  0,0; 20,0;  0,0;  0,0; 15,9; 16,9;  0,0; 20,4; 40,0;  45;pøipraven;netopí;
11-01-2024;04:34:00; 14,1; 40,8; 45,6; 27,4;  0,0; 20,0;  0,0;  0,0; 15,9; 16,9;  0,0; 20,5; 40,0;  45;pøipraven;netopí;
11-01-2024;04:35:00; 14,1; 40,8; 45,5; 27,4;  0,0; 20,0;  0,0;  0,0; 15,9; 16,9;  0,0; 20,5; 40,0;  45;pøipraven;netopí;
11-01-2024;04:36:00; 14,1; 40,8; 45,6; 27,3;  0,0; 20,0;  0,0;  0,0; 15,9; 16,9;  0,0; 20,5; 40,0;  45;pøipraven;netopí;
11-01-2024;04:37:00; 14,1; 40,8; 45,5; 27,3;  0,0; 20,0;  0,0;  0,0; 15,9; 16,9;  0,0; 20,5; 40,0;  45;pøipraven;netopí;
11-01-2024;04:38:00; 14,1; 40,8; 45,5; 27,4;  0,0; 20,0;  0,0;  0,0; 15,9; 16,9;  0,0; 20,5; 40,0;  45;pøipraven;netopí;
11-01-2024;04:39:00; 14,1; 40,8; 45,5; 27,3;  0,0; 20,0;  0,0;  0,0; 15,9; 16,9;  0,0; 20,5; 40,0;  45;pøipraven;netopí;
11-01-2024;04:40:00; 14,1; 40,8; 45,5; 27,3;  0,0; 20,0;  0,0;  0,0; 15,9; 16,9;  0,0; 20,5; 40,0;  45;pøipraven;netopí;
11-01-2024;04:41:00; 14,2; 40,8; 45,5; 27,3;  0,0; 20,0;  0,0;  0,0; 15,9; 16,8;  0,0; 20,5; 40,0;  45;pøipraven;netopí;
11-01-2024;04:42:00; 14,2; 40,8; 45,5; 27,3;  0,0; 20,0;  0,0;  0,0; 15,9; 16,8;  0,0; 20,5; 40,0;  45;pøipraven;netopí;
11-01-2024;04:43:00; 14,2; 40,8; 45,5; 27,2;  0,0; 20,0;  0,0;  0,0; 15,9; 16,8;  0,0; 20,4; 40,0;  45;pøipraven;netopí;
11-01-2024;04:44:00; 14,2; 40,8; 45,5; 27,2;  0,0; 20,0;  0,0;  0,0; 15,9; 16,8;  0,0; 20,5; 40,0;  45;pøipraven;netopí;
11-01-2024;04:45:00; 14,2; 40,8; 45,5; 27,3;  0,0; 20,0;  0,0;  0,0; 15,9; 16,8;  0,0; 20,5; 40,0;  45;pøipraven;netopí;
11-01-2024;04:46:00; 14,2; 40,8; 45,5; 27,2;  0,0; 20,0;  0,0;  0,0; 15,9; 16,8;  0,0; 20,5; 40,0;  45;pøipraven;netopí;
11-01-2024;04:47:00; 14,2; 40,8; 45,5; 27,2;  0,0; 20,0;  0,0;  0,0; 15,8; 16,8;  0,0; 20,4; 40,0;  45;pøipraven;netopí;
11-01-2024;04:48:00; 14,2; 40,8; 45,5; 27,2;  0,0; 20,0;  0,0;  0,0; 15,9; 16,8;  0,0; 20,5; 40,0;  45;pøipraven;netopí;
11-01-2024;04:49:00; 14,2; 40,8; 45,5; 27,2;  0,0; 20,0;  0,0;  0,0; 15,9; 16,8;  0,0; 20,4; 40,0;  45;pøipraven;netopí;
11-01-2024;04:50:00; 14,2; 40,8; 45,5; 27,2;  0,0; 20,0;  0,0;  0,0; 15,9; 16,8;  0,0; 20,5; 40,0;  45;pøipraven;netopí;
11-01-2024;04:51:00; 14,2; 40,8; 45,5; 27,2;  0,0; 20,0;  0,0;  0,0; 15,9; 16,8;  0,0; 20,5; 40,0;  45;pøipraven;netopí;
11-01-2024;04:52:00; 14,2; 40,8; 45,5; 27,2;  0,0; 20,0;  0,0;  0,0; 15,8; 16,7;  0,0; 20,5; 40,0;  45;pøipraven;netopí;
11-01-2024;04:53:00; 14,3; 40,8; 45,5; 27,2;  0,0; 20,0;  0,0;  0,0; 15,9; 16,8;  0,0; 20,5; 40,0;  45;pøipraven;netopí;
11-01-2024;04:54:00; 14,3; 40,8; 45,5; 27,2;  0,0; 20,0;  0,0;  0,0; 15,8; 16,7;  0,0; 20,5; 40,0;  45;pøipraven;netopí;
11-01-2024;04:55:00; 14,3; 40,8; 45,5; 27,2;  0,0; 20,0;  0,0;  0,0; 15,9; 16,8;  0,0; 20,5; 40,0;  45;pøipraven;netopí;
11-01-2024;04:56:00; 14,3; 40,8; 45,5; 27,1;  0,0; 20,0;  0,0;  0,0; 15,8; 16,7;  0,0; 20,5; 40,0;  45;pøipraven;netopí;
11-01-2024;04:57:00; 14,3; 40,8; 45,5; 27,1;  0,0; 20,0;  0,0;  0,0; 15,9; 16,8;  0,0; 20,5; 40,0;  45;pøipraven;netopí;
11-01-2024;04:58:00; 14,3; 40,7; 45,4; 27,1;  0,0; 20,0;  0,0;  0,0; 15,8; 16,7;  0,0; 20,4; 40,0;  45;pøipraven;netopí;
11-01-2024;04:59:00; 14,3; 40,8; 45,5; 27,1;  0,0; 20,0;  0,0;  0,0; 15,8; 16,7;  0,0; 20,5; 40,0;  45;pøipraven;netopí;
11-01-2024;05:00:00; 14,3; 40,8; 45,5; 27,1;  0,0; 20,0;  0,0;  0,0; 15,8; 16,7;  0,0; 20,5; 40,0;  45;pøipraven;netopí;
11-01-2024;05:01:00; 14,3; 40,8; 45,5; 27,1;  0,0; 20,0;  0,0;  0,0; 15,8; 16,7;  0,0; 20,5; 40,0;  45;pøipraven;netopí;
11-01-2024;05:02:00; 14,3; 40,7; 45,4; 27,1;  0,0; 20,0;  0,0;  0,0; 15,8; 16,7;  0,0; 20,4; 40,0;  45;pøipraven;netopí;
11-01-2024;05:03:00; 14,3; 40,8; 45,5; 27,1;  0,0; 20,0;  0,0;  0,0; 15,8; 16,7;  0,0; 20,5; 40,0;  45;pøipraven;netopí;
11-01-2024;05:04:00; 14,4; 40,8; 45,5; 27,1;  0,0; 20,0;  0,0;  0,0; 15,8; 16,7;  0,0; 20,5; 40,0;  45;pøipraven;netopí;
11-01-2024;05:05:00; 14,4; 40,8; 45,5; 27,1;  0,0; 20,0;  0,0;  0,0; 15,8; 16,7;  0,0; 20,5; 40,0;  45;pøipraven;netopí;
11-01-2024;05:06:00; 14,4; 40,8; 45,5; 27,0;  0,0; 20,0;  0,0;  0,0; 15,8; 16,7;  0,0; 20,5; 40,0;  45;pøipraven;netopí;
11-01-2024;05:07:00; 14,4; 40,8; 45,4; 27,0;  0,0; 20,0;  0,0;  0,0; 15,8; 16,7;  0,0; 20,5; 40,0;  45;pøipraven;netopí;
11-01-2024;05:08:00; 14,4; 40,8; 45,5; 27,1;  0,0; 20,0;  0,0;  0,0; 15,8; 16,7;  0,0; 20,5; 40,0;  45;pøipraven;netopí;
11-01-2024;05:09:00; 14,4; 40,8; 45,5; 27,0;  0,0; 20,0;  0,0;  0,0; 15,8; 16,7;  0,0; 20,5; 40,0;  45;pøipraven;netopí;
11-01-2024;05:10:00; 14,4; 40,8; 45,5; 27,0;  0,0; 20,0;  0,0;  0,0; 15,8; 16,6;  0,0; 20,5; 40,0;  45;pøipraven;netopí;
11-01-2024;05:11:00; 14,4; 40,8; 45,5; 27,0;  0,0; 20,0;  0,0;  0,0; 15,8; 16,6;  0,0; 20,5; 40,0;  45;pøipraven;netopí;
11-01-2024;05:12:00; 14,4; 40,7; 45,4; 27,0;  0,0; 20,0;  0,0;  0,0; 15,8; 16,6;  0,0; 20,5; 40,0;  45;pøipraven;netopí;
11-01-2024;05:13:00; 14,4; 40,8; 45,5; 27,0;  0,0; 20,0;  0,0;  0,0; 15,8; 16,6;  0,0; 20,5; 40,0;  45;pøipraven;netopí;
11-01-2024;05:14:00; 14,4; 40,8; 45,5; 27,0;  0,0; 20,0;  0,0;  0,0; 15,8; 16,6;  0,0; 20,5; 40,0;  45;pøipraven;netopí;
11-01-2024;05:15:00; 14,4; 40,8; 45,5; 27,0;  0,0; 20,0;  0,0;  0,0; 15,8; 16,6;  0,0; 20,5; 40,0;  45;pøipraven;netopí;
11-01-2024;05:16:00; 14,4; 40,7; 45,4; 27,0;  0,0; 20,0;  0,0;  0,0; 15,8; 16,6;  0,0; 20,5; 40,0;  45;pøipraven;netopí;
11-01-2024;05:17:00; 14,5; 40,7; 45,4; 27,0;  0,0; 20,0;  0,0;  0,0; 15,8; 16,6;  0,0; 20,5; 40,0;  45;pøipraven;netopí;
11-01-2024;05:18:00; 14,5; 40,7; 45,4; 26,9;  0,0; 20,0;  0,0;  0,0; 15,8; 16,6;  0,0; 20,5; 40,0;  45;pøipraven;netopí;
11-01-2024;05:19:00; 14,5; 40,7; 45,4; 26,9;  0,0; 20,0;  0,0;  0,0; 15,8; 16,6;  0,0; 20,5; 40,0;  45;pøipraven;netopí;
11-01-2024;05:20:00; 14,5; 40,7; 45,4; 26,9;  0,0; 20,0;  0,0;  0,0; 15,8; 16,6;  0,0; 20,5; 40,0;  45;pøipraven;netopí;
11-01-2024;05:21:00; 14,5; 40,7; 45,4; 26,9;  0,0; 20,0;  0,0;  0,0; 15,8; 16,6;  0,0; 20,5; 40,0;  45;pøipraven;netopí;
11-01-2024;05:22:00; 14,5; 40,7; 45,4; 26,9;  0,0; 20,0;  0,0;  0,0; 15,8; 16,5;  0,0; 20,4; 40,0;  45;pøipraven;netopí;
11-01-2024;05:23:00; 14,5; 40,8; 45,4; 26,9;  0,0; 20,0;  0,0;  0,0; 15,8; 16,6;  0,0; 20,5; 40,0;  45;pøipraven;netopí;
11-01-2024;05:24:00; 14,5; 40,8; 45,4; 26,9;  0,0; 20,0;  0,0;  0,0; 15,8; 16,6;  0,0; 20,5; 40,0;  45;pøipraven;netopí;
11-01-2024;05:25:00; 14,5; 40,7; 45,4; 26,9;  0,0; 20,0;  0,0;  0,0; 15,8; 16,5;  0,0; 20,4; 40,0;  45;pøipraven;netopí;
11-01-2024;05:26:00; 14,5; 40,7; 45,4; 26,9;  0,0; 20,0;  0,0;  0,0; 15,8; 16,5;  0,0; 20,5; 40,0;  45;pøipraven;netopí;
11-01-2024;05:27:00; 14,5; 40,7; 45,4; 26,9;  0,0; 20,0;  0,0;  0,0; 15,8; 16,5;  0,0; 20,5; 40,0;  45;pøipraven;netopí;
11-01-2024;05:28:00; 14,5; 40,7; 45,4; 26,9;  0,0; 20,0;  0,0;  0,0; 15,8; 16,5;  0,0; 20,5; 40,0;  45;pøipraven;netopí;
11-01-2024;05:29:00; 14,6; 40,7; 45,4; 26,9;  0,0; 20,0;  0,0;  0,0; 15,8; 16,5;  0,0; 20,5; 40,0;  45;pøipraven;netopí;
11-01-2024;05:30:00; 14,6; 40,8; 45,4; 26,9;  0,0; 20,0;  0,0;  0,0; 15,8; 16,5;  0,0; 20,5; 40,0;  45;pøipraven;netopí;
11-01-2024;05:31:00; 14,6; 40,7; 45,4; 26,9;  0,0; 20,0;  0,0;  0,0; 15,8; 16,5;  0,0; 20,5; 40,0;  45;pøipraven;netopí;
11-01-2024;05:32:00; 14,6; 40,7; 45,4; 26,8;  0,0; 20,0;  0,0;  0,0; 15,8; 16,5;  0,0; 20,5; 40,0;  45;pøipraven;netopí;
11-01-2024;05:33:00; 14,6; 40,7; 45,4; 26,9;  0,0; 20,0;  0,0;  0,0; 15,7; 16,5;  0,0; 20,5; 40,0;  45;pøipraven;netopí;
11-01-2024;05:34:00; 14,6; 40,7; 45,4; 26,8;  0,0; 20,0;  0,0;  0,0; 15,8; 16,5;  0,0; 20,5; 40,0;  45;pøipraven;netopí;
11-01-2024;05:35:00; 14,6; 40,7; 45,4; 26,8;  0,0; 20,0;  0,0;  0,0; 15,8; 16,5;  0,0; 20,5; 40,0;  45;pøipraven;netopí;
11-01-2024;05:36:00; 14,6; 40,7; 45,4; 26,8;  0,0; 20,0;  0,0;  0,0; 15,8; 16,5;  0,0; 20,5; 40,0;  45;pøipraven;netopí;
11-01-2024;05:37:00; 14,6; 40,7; 45,4; 26,8;  0,0; 20,0;  0,0;  0,0; 15,8; 16,5;  0,0; 20,5; 40,0;  45;pøipraven;netopí;
11-01-2024;05:38:00; 14,6; 40,8; 45,4; 26,8;  0,0; 20,0;  0,0;  0,0; 15,8; 16,5;  0,0; 20,5; 40,0;  45;pøipraven;netopí;
11-01-2024;05:39:00; 14,6; 40,7; 45,4; 26,8;  0,0; 20,0;  0,0;  0,0; 15,8; 16,5;  0,0; 20,5; 40,0;  45;pøipraven;netopí;
11-01-2024;05:40:00; 14,6; 40,7; 45,4; 26,8;  0,0; 20,0;  0,0;  0,0; 15,8; 16,5;  0,0; 20,5; 40,0;  45;pøipraven;netopí;
11-01-2024;05:41:00; 14,6; 40,7; 45,4; 26,8;  0,0; 20,0;  0,0;  0,0; 15,8; 16,5;  0,0; 20,5; 40,0;  45;pøipraven;netopí;
11-01-2024;05:42:00; 14,7; 40,7; 45,4; 26,8;  0,0; 20,0;  0,0;  0,0; 15,8; 16,4;  0,0; 20,5; 40,0;  45;pøipraven;netopí;
11-01-2024;05:43:00; 14,7; 40,7; 45,3; 26,8;  0,0; 20,0;  0,0;  0,0; 15,8; 16,4;  0,0; 20,5; 40,0;  45;pøipraven;netopí;
11-01-2024;05:44:00; 14,7; 40,7; 45,4; 26,8;  0,0; 20,0;  0,0;  0,0; 15,8; 16,5;  0,0; 20,5; 40,0;  45;pøipraven;netopí;
11-01-2024;05:45:00; 14,7; 40,7; 45,3; 26,8;  0,0; 20,0;  0,0;  0,0; 15,8; 16,4;  0,0; 20,5; 40,0;  45;pøipraven;netopí;
11-01-2024;05:46:00; 14,7; 40,7; 45,3; 26,8;  0,0; 20,0;  0,0;  0,0; 15,8; 16,4;  0,0; 20,5; 40,0;  45;pøipraven;netopí;
11-01-2024;05:47:00; 14,7; 40,7; 45,4; 26,8;  0,0; 20,0;  0,0;  0,0; 15,8; 16,4;  0,0; 20,5; 40,0;  45;pøipraven;netopí;
11-01-2024;05:48:00; 14,7; 40,7; 45,3; 26,8;  0,0; 20,0;  0,0;  0,0; 15,8; 16,4;  0,0; 20,5; 40,0;  45;pøipraven;netopí;
11-01-2024;05:49:00; 14,7; 40,7; 45,4; 26,8;  0,0; 20,0;  0,0;  0,0; 15,8; 16,4;  0,0; 20,5; 40,0;  45;pøipraven;netopí;
11-01-2024;05:50:00; 14,7; 40,7; 45,4; 26,8;  0,0; 20,0;  0,0;  0,0; 15,8; 16,4;  0,0; 20,5; 40,0;  45;pøipraven;netopí;
11-01-2024;05:51:00; 14,7; 40,7; 45,3; 26,7;  0,0; 20,0;  0,0;  0,0; 15,8; 16,4;  0,0; 20,5; 40,0;  45;pøipraven;netopí;
11-01-2024;05:52:00; 14,7; 40,7; 45,3; 26,7;  0,0; 20,0;  0,0;  0,0; 15,8; 16,4;  0,0; 20,5; 40,0;  45;pøipraven;netopí;
11-01-2024;05:53:00; 14,7; 40,7; 45,3; 26,7;  0,0; 20,0;  0,0;  0,0; 15,8; 16,4;  0,0; 20,5; 40,0;  45;pøipraven;netopí;
11-01-2024;05:54:00; 14,7; 40,7; 45,3; 26,7;  0,0; 20,0;  0,0;  0,0; 15,8; 16,4;  0,0; 20,5; 40,0;  45;pøipraven;netopí;
11-01-2024;05:55:00; 14,7; 40,7; 45,3; 26,7;  0,0; 20,0;  0,0;  0,0; 15,8; 16,4;  0,0; 20,5; 40,0;  45;pøipraven;netopí;
11-01-2024;05:56:00; 14,7; 40,7; 45,3; 26,7;  0,0; 20,0;  0,0;  0,0; 15,8; 16,4;  0,0; 20,5; 40,0;  45;pøipraven;netopí;
11-01-2024;05:57:00; 14,8; 40,7; 45,3; 26,7;  0,0; 20,0;  0,0;  0,0; 15,8; 16,4;  0,0; 20,5; 40,0;  45;pøipraven;netopí;
11-01-2024;05:58:00; 14,8; 40,7; 45,3; 26,7;  0,0; 20,0;  0,0;  0,0; 15,8; 16,3;  0,0; 20,5; 40,0;  45;pøipraven;netopí;
11-01-2024;05:59:00; 14,8; 40,7; 45,3; 26,7;  0,0; 20,0;  0,0;  0,0; 15,8; 16,3;  0,0; 20,5; 40,0;  45;pøipraven;netopí;
11-01-2024;06:00:00; 14,8; 40,7; 45,3; 26,7;  0,0; 20,0;  0,0;  0,0; 15,8; 16,3;  0,0; 20,5; 40,0;  45;pøipraven;netopí;
11-01-2024;06:01:00; 14,8; 40,7; 45,3; 26,7;  0,0; 20,0;  0,0;  0,0; 15,8; 16,3;  0,0; 20,5; 40,0;  45;pøipraven;netopí;
11-01-2024;06:02:00; 14,8; 40,7; 45,3; 26,7;  0,0; 20,0;  0,0;  0,0; 15,8; 16,3;  0,0; 20,5; 40,0;  45;pøipraven;netopí;
11-01-2024;06:03:00; 14,8; 40,7; 45,3; 26,7;  0,0; 20,0;  0,0;  0,0; 15,8; 16,3;  0,0; 20,5; 40,0;  45;pøipraven;netopí;
11-01-2024;06:04:00; 14,8; 40,7; 45,3; 26,7;  0,0; 20,0;  0,0;  0,0; 15,8; 16,3;  0,0; 20,5; 40,0;  45;pøipraven;netopí;
11-01-2024;06:05:00; 14,8; 40,7; 45,3; 26,7;  0,0; 20,0;  0,0;  0,0; 15,8; 16,3;  0,0; 20,5; 40,0;  45;pøipraven;netopí;
11-01-2024;06:06:00; 14,8; 40,7; 45,3; 26,6;  0,0; 20,0;  0,0;  0,0; 15,8; 16,3;  0,0; 20,5; 40,0;  45;pøipraven;netopí;
11-01-2024;06:07:00; 14,8; 40,7; 45,3; 26,6;  0,0; 20,0;  0,0;  0,0; 15,8; 16,3;  0,0; 20,5; 40,0;  45;pøipraven;netopí;
11-01-2024;06:08:00; 14,8; 40,7; 45,3; 26,7;  0,0; 20,0;  0,0;  0,0; 15,8; 16,3;  0,0; 20,5; 40,0;  45;pøipraven;netopí;
11-01-2024;06:09:00; 14,8; 40,7; 45,3; 26,7;  0,0; 20,0;  0,0;  0,0; 15,8; 16,3;  0,0; 20,5; 40,0;  45;pøipraven;netopí;
11-01-2024;06:10:00; 14,9; 40,7; 45,3; 26,7;  0,0; 20,0;  0,0;  0,0; 15,8; 16,3;  0,0; 20,5; 40,0;  45;pøipraven;netopí;
11-01-2024;06:11:00; 14,9; 40,7; 45,3; 26,7;  0,0; 20,0;  0,0;  0,0; 15,8; 16,3;  0,0; 20,5; 40,0;  45;pøipraven;netopí;
11-01-2024;06:12:00; 14,9; 40,7; 45,3; 26,6;  0,0; 20,0;  0,0;  0,0; 15,8; 16,3;  0,0; 20,5; 40,0;  45;pøipraven;netopí;
11-01-2024;06:13:00; 14,9; 40,7; 45,3; 26,6;  0,0; 20,0;  0,0;  0,0; 15,8; 16,3;  0,0; 20,5; 40,0;  45;pøipraven;netopí;
11-01-2024;06:14:00; 14,9; 40,7; 45,3; 26,7;  0,0; 20,0;  0,0;  0,0; 15,8; 16,3;  0,0; 20,5; 40,0;  45;pøipraven;netopí;
11-01-2024;06:15:00; 14,9; 40,7; 45,3; 26,7;  0,0; 20,0;  0,0;  0,0; 15,8; 16,3;  0,0; 20,5; 40,0;  45;pøipraven;netopí;
11-01-2024;06:16:00; 14,9; 40,7; 45,3; 26,6;  0,0; 20,0;  0,0;  0,0; 15,8; 16,3;  0,0; 20,5; 40,0;  45;pøipraven;netopí;
11-01-2024;06:17:00; 14,9; 40,7; 45,3; 26,6;  0,0; 20,0;  0,0;  0,0; 15,8; 16,3;  0,0; 20,5; 40,0;  45;pøipraven;netopí;
11-01-2024;06:18:00; 14,9; 40,6; 45,2; 26,6;  0,0; 20,0;  0,0;  0,0; 15,8; 16,2;  0,0; 20,5; 40,0;  45;pøipraven;netopí;
11-01-2024;06:19:00; 14,9; 40,6; 45,3; 26,6;  0,0; 20,0;  0,0;  0,0; 15,8; 16,3;  0,0; 20,5; 40,0;  45;pøipraven;netopí;
11-01-2024;06:20:00; 14,9; 40,7; 45,3; 26,6;  0,0; 20,0;  0,0;  0,0; 15,8; 16,3;  0,0; 20,5; 40,0;  45;pøipraven;netopí;
11-01-2024;06:21:00; 14,9; 40,7; 45,2; 26,6;  0,0; 20,0;  0,0;  0,0; 15,8; 16,2;  0,0; 20,5; 40,0;  45;pøipraven;netopí;
11-01-2024;06:22:00; 14,9; 40,6; 45,2; 26,6;  0,0; 20,0;  0,0;  0,0; 15,8; 16,3;  0,0; 20,5; 40,0;  45;pøipraven;netopí;
11-01-2024;06:23:00; 14,9; 40,6; 45,2; 26,6;  0,0; 20,0;  0,0;  0,0; 15,8; 16,2;  0,0; 20,5; 40,0;  45;pøipraven;netopí;
11-01-2024;06:24:00; 14,9; 40,6; 45,2; 26,5;  0,0; 20,0;  0,0;  0,0; 15,8; 16,2;  0,0; 20,5; 40,0;  45;pøipraven;netopí;
11-01-2024;06:25:00; 14,9; 40,7; 45,3; 26,6;  0,0; 20,0;  0,0;  0,0; 15,8; 16,2;  0,0; 20,5; 40,0;  45;pøipraven;netopí;
11-01-2024;06:26:00; 14,9; 40,7; 45,3; 26,6;  0,0; 20,0;  0,0;  0,0; 15,8; 16,2;  0,0; 20,5; 40,0;  45;pøipraven;netopí;
11-01-2024;06:27:00; 15,0; 40,7; 45,2; 26,6;  0,0; 20,0;  0,0;  0,0; 15,8; 16,2;  0,0; 20,5; 40,0;  45;pøipraven;netopí;
11-01-2024;06:28:00; 15,0; 40,7; 45,3; 26,6;  0,0; 20,0;  0,0;  0,0; 15,9; 16,2;  0,0; 20,5; 40,0;  45;pøipraven;netopí;
11-01-2024;06:29:00; 15,0; 40,7; 45,2; 26,6;  0,0; 20,0;  0,0;  0,0; 15,8; 16,2;  0,0; 20,5; 40,0;  45;pøipraven;netopí;
11-01-2024;06:30:00; 15,0; 40,7; 45,3; 26,6;  0,0; 20,0;  0,0;  0,0; 15,8; 16,2;  0,0; 20,5; 40,0;  45;pøipraven;netopí;
11-01-2024;06:31:00; 15,0; 40,7; 45,2; 26,6;  0,0; 20,0;  0,0;  0,0; 15,8; 16,2;  0,0; 20,5; 40,0;  45;pøipraven;netopí;
11-01-2024;06:32:00; 15,0; 40,7; 45,3; 26,6;  0,0; 20,0;  0,0;  0,0; 15,9; 16,2;  0,0; 20,5; 40,0;  45;pøipraven;netopí;
11-01-2024;06:33:00; 15,0; 40,7; 45,2; 26,5;  0,0; 20,0;  0,0;  0,0; 15,8; 16,2;  0,0; 20,5; 40,0;  45;pøipraven;netopí;
11-01-2024;06:34:00; 15,0; 40,7; 45,3; 26,6;  0,0; 20,0;  0,0;  0,0; 15,9; 16,2;  0,0; 20,5; 40,0;  45;pøipraven;netopí;
11-01-2024;06:35:00; 15,0; 40,6; 45,2; 26,5;  0,0; 20,0;  0,0;  0,0; 15,8; 16,2;  0,0; 20,5; 40,0;  45;pøipraven;netopí;
11-01-2024;06:36:00; 15,0; 40,6; 45,2; 26,5;  0,0; 20,0;  0,0;  0,0; 15,8; 16,2;  0,0; 20,5; 40,0;  45;pøipraven;netopí;
11-01-2024;06:37:00; 15,0; 40,6; 45,2; 26,5;  0,0; 20,0;  0,0;  0,0; 15,9; 16,2;  0,0; 20,5; 40,0;  45;pøipraven;netopí;
11-01-2024;06:38:00; 15,0; 40,6; 45,2; 26,5;  0,0; 20,0;  0,0;  0,0; 15,9; 16,2;  0,0; 20,5; 40,0;  45;pøipraven;netopí;
11-01-2024;06:39:00; 15,0; 40,6; 45,2; 26,5;  0,0; 20,0;  0,0;  0,0; 15,8; 16,2;  0,0; 20,5; 40,0;  45;pøipraven;netopí;
11-01-2024;06:40:00; 15,0; 40,7; 45,2; 26,5;  0,0; 20,0;  0,0;  0,0; 15,9; 16,2;  0,0; 20,5; 40,0;  45;pøipraven;netopí;
11-01-2024;06:41:00; 15,0; 40,6; 45,2; 26,5;  0,0; 20,0;  0,0;  0,0; 15,9; 16,2;  0,0; 20,5; 40,0;  45;pøipraven;netopí;
11-01-2024;06:42:00; 15,1; 40,6; 45,2; 26,5;  0,0; 20,0;  0,0;  0,0; 15,9; 16,2;  0,0; 20,5; 40,0;  45;pøipraven;netopí;
11-01-2024;06:43:00; 15,1; 40,6; 45,2; 26,5;  0,0; 20,0;  0,0;  0,0; 15,9; 16,1;  0,0; 20,5; 40,0;  45;pøipraven;netopí;
11-01-2024;06:44:00; 15,0; 40,6; 45,2; 26,5;  0,0; 20,0;  0,0;  0,0; 15,9; 16,1;  0,0; 20,5; 40,0;  45;pøipraven;netopí;
11-01-2024;06:45:00; 15,1; 40,6; 45,2; 26,5;  0,0; 20,0;  0,0;  0,0; 15,9; 16,1;  0,0; 20,5; 40,0;  45;pøipraven;netopí;
11-01-2024;06:46:00; 15,1; 40,6; 45,2; 26,5;  0,0; 20,0;  0,0;  0,0; 15,9; 16,1;  0,0; 20,5; 40,0;  45;pøipraven;netopí;
11-01-2024;06:47:00; 15,1; 40,6; 45,2; 26,5;  0,0; 20,0;  0,0;  0,0; 15,9; 16,1;  0,0; 20,5; 40,0;  45;pøipraven;netopí;
11-01-2024;06:48:00; 15,1; 40,6; 45,2; 26,5;  0,0; 20,0;  0,0;  0,0; 15,9; 16,1;  0,0; 20,5; 40,0;  45;pøipraven;netopí;
11-01-2024;06:49:00; 15,1; 40,6; 45,2; 26,5;  0,0; 20,0;  0,0;  0,0; 15,9; 16,1;  0,0; 20,5; 40,0;  45;pøipraven;netopí;
11-01-2024;06:50:00; 15,1; 40,6; 45,2; 26,5;  0,0; 20,0;  0,0;  0,0; 15,9; 16,1;  0,0; 20,5; 40,0;  45;pøipraven;netopí;
11-01-2024;06:51:00; 15,1; 40,6; 45,1; 26,5;  0,0; 20,0;  0,0;  0,0; 15,9; 16,1;  0,0; 20,5; 40,0;  45;pøipraven;netopí;
11-01-2024;06:52:00; 15,1; 40,6; 45,1; 26,5;  0,0; 20,0;  0,0;  0,0; 15,9; 16,1;  0,0; 20,4; 40,0;  45;pøipraven;netopí;
11-01-2024;06:53:00; 15,1; 40,6; 45,2; 26,5;  0,0; 20,0;  0,0;  0,0; 15,9; 16,1;  0,0; 20,5; 40,0;  45;pøipraven;netopí;
11-01-2024;06:54:00; 15,1; 40,6; 45,2; 26,5;  0,0; 20,0;  0,0;  0,0; 15,9; 16,1;  0,0; 20,5; 40,0;  45;pøipraven;netopí;
11-01-2024;06:55:00; 15,1; 40,6; 45,1; 26,5;  0,0; 20,0;  0,0;  0,0; 15,9; 16,1;  0,0; 20,5; 40,0;  45;pøipraven;netopí;
11-01-2024;06:56:00; 15,1; 40,6; 45,2; 26,5;  0,0; 20,0;  0,0;  0,0; 15,9; 16,1;  0,0; 20,5; 40,0;  45;pøipraven;netopí;
11-01-2024;06:57:00; 15,1; 40,7; 45,2; 26,5;  0,0; 20,0;  0,0;  0,0; 15,9; 16,1;  0,0; 20,5; 40,0;  45;pøipraven;netopí;
11-01-2024;06:58:00; 15,1; 40,6; 45,2; 26,5;  0,0; 20,0;  0,0;  0,0; 15,9; 16,1;  0,0; 20,5; 40,0;  45;pøipraven;netopí;
11-01-2024;06:59:00; 15,1; 40,6; 45,2; 26,5;  0,0; 20,0;  0,0;  0,0; 15,9; 16,1;  0,0; 20,5; 40,0;  45;pøipraven;netopí;
11-01-2024;07:00:00; 15,1; 40,6; 45,2; 26,5;  0,0; 20,0;  0,0;  0,0; 15,9; 16,1;  0,0; 20,5; 40,0;  45;pøipraven;netopí;
11-01-2024;07:01:00; 15,2; 40,6; 45,2; 26,5;  0,0; 20,0;  0,0;  0,0; 15,9; 16,1;  0,0; 20,5; 40,0;  45;pøipraven;netopí;
11-01-2024;07:02:00; 15,2; 40,6; 45,2; 26,5;  0,0; 20,0;  0,0;  0,0; 15,9; 16,1;  0,0; 20,5; 40,0;  45;pøipraven;netopí;
11-01-2024;07:03:00; 15,2; 40,6; 45,2; 26,5;  0,0; 20,0;  0,0;  0,0; 15,9; 16,1;  0,0; 20,5; 40,0;  45;pøipraven;netopí;
11-01-2024;07:04:00; 15,2; 40,6; 45,2; 26,5;  0,0; 20,0;  0,0;  0,0; 15,9; 16,1;  0,0; 20,5; 40,0;  45;pøipraven;netopí;
11-01-2024;07:05:00; 15,2; 40,6; 45,1; 26,5;  0,0; 20,0;  0,0;  0,0; 15,9; 16,0;  0,0; 20,5; 40,0;  45;pøipraven;netopí;
11-01-2024;07:06:00; 15,2; 40,6; 45,1; 26,4;  0,0; 20,0;  0,0;  0,0; 15,9; 16,1;  0,0; 20,5; 40,0;  45;pøipraven;netopí;
11-01-2024;07:07:00; 15,2; 40,6; 45,2; 26,5;  0,0; 20,0;  0,0;  0,0; 15,9; 16,1;  0,0; 20,5; 40,0;  45;pøipraven;netopí;
11-01-2024;07:08:00; 15,2; 40,6; 45,1; 26,4;  0,0; 20,0;  0,0;  0,0; 15,9; 16,1;  0,0; 20,5; 40,0;  45;pøipraven;netopí;
11-01-2024;07:09:00; 15,2; 40,6; 45,1; 26,4;  0,0; 20,0;  0,0;  0,0; 15,9; 16,0;  0,0; 20,5; 40,0;  45;pøipraven;netopí;
11-01-2024;07:10:00; 15,2; 40,6; 45,1; 26,5;  0,0; 20,0;  0,0;  0,0; 15,9; 16,1;  0,0; 20,5; 40,0;  45;pøipraven;netopí;
11-01-2024;07:11:00; 15,2; 40,6; 45,1; 26,4;  0,0; 20,0;  0,0;  0,0; 15,9; 16,0;  0,0; 20,5; 40,0;  45;pøipraven;netopí;
11-01-2024;07:12:00; 15,2; 40,6; 45,1; 26,5;  0,0; 20,0;  0,0;  0,0; 15,9; 16,0;  0,0; 20,5; 40,0;  45;pøipraven;netopí;
11-01-2024;07:13:00; 15,2; 40,6; 45,1; 26,4;  0,0; 20,0;  0,0;  0,0; 15,9; 16,0;  0,0; 20,5; 40,0;  45;pøipraven;netopí;
11-01-2024;07:14:00; 15,2; 40,6; 45,1; 26,4;  0,0; 20,0;  0,0;  0,0; 15,9; 16,0;  0,0; 20,5; 40,0;  45;pøipraven;netopí;
11-01-2024;07:15:00; 15,2; 40,6; 45,1; 26,4;  0,0; 20,0;  0,0;  0,0; 15,9; 16,0;  0,0; 20,5; 40,0;  45;pøipraven;netopí;
11-01-2024;07:16:00; 15,2; 40,6; 45,1; 26,4;  0,0; 20,0;  0,0;  0,0; 15,9; 16,0;  0,0; 20,5; 40,0;  45;pøipraven;netopí;
11-01-2024;07:17:00; 15,3; 40,6; 45,1; 26,4;  0,0; 20,0;  0,0;  0,0; 15,9; 16,0;  0,0; 20,5; 40,0;  45;pøipraven;netopí;
11-01-2024;07:18:00; 15,3; 40,6; 45,1; 26,4;  0,0; 20,0;  0,0;  0,0; 16,0; 16,1;  0,0; 20,5; 40,0;  45;pøipraven;netopí;
11-01-2024;07:19:00; 15,3; 40,6; 45,1; 26,4;  0,0; 20,0;  0,0;  0,0; 16,0; 16,0;  0,0; 20,5; 40,0;  45;pøipraven;netopí;
11-01-2024;07:20:00; 15,3; 40,6; 45,1; 26,4;  0,0; 20,0;  0,0;  0,0; 16,0; 16,0;  0,0; 20,5; 40,0;  45;pøipraven;netopí;
11-01-2024;07:21:00; 15,3; 40,6; 45,1; 26,4;  0,0; 20,0;  0,0;  0,0; 15,9; 16,0;  0,0; 20,5; 40,0;  45;pøipraven;netopí;
11-01-2024;07:22:00; 15,3; 40,6; 45,1; 26,4;  0,0; 20,0;  0,0;  0,0; 16,0; 16,0;  0,0; 20,5; 40,0;  45;pøipraven;netopí;
11-01-2024;07:23:00; 15,3; 40,6; 45,1; 26,4;  0,0; 20,0;  0,0;  0,0; 16,0; 16,0;  0,0; 20,5; 40,0;  45;pøipraven;netopí;
11-01-2024;07:24:00; 15,3; 40,6; 45,1; 26,4;  0,0; 20,0;  0,0;  0,0; 16,0; 16,0;  0,0; 20,5; 40,0;  45;pøipraven;netopí;
11-01-2024;07:25:00; 15,3; 40,6; 45,1; 26,4;  0,0; 20,0;  0,0;  0,0; 16,0; 16,0;  0,0; 20,5; 40,0;  45;pøipraven;netopí;
11-01-2024;07:26:00; 15,3; 40,6; 45,1; 26,4;  0,0; 20,0;  0,0;  0,0; 16,0; 16,0;  0,0; 20,5; 40,0;  45;pøipraven;netopí;
11-01-2024;07:27:00; 15,3; 40,6; 45,1; 26,4;  0,0; 20,0;  0,0;  0,0; 16,0; 16,0;  0,0; 20,5; 40,0;  45;pøipraven;netopí;
11-01-2024;07:28:00; 15,3; 40,6; 45,1; 26,4;  0,0; 20,0;  0,0;  0,0; 16,0; 16,0;  0,0; 20,5; 40,0;  45;pøipraven;netopí;
11-01-2024;07:29:00; 15,3; 40,6; 45,1; 26,4;  0,0; 20,0;  0,0;  0,0; 16,0; 16,0;  0,0; 20,5; 40,0;  45;pøipraven;netopí;
11-01-2024;07:30:00; 15,3; 40,6; 45,1; 26,4;  0,0; 20,0;  0,0;  0,0; 16,0; 16,0;  0,0; 20,5; 40,0;  45;pøipraven;netopí;
11-01-2024;07:31:00; 15,3; 40,6; 45,1; 26,4;  0,0; 20,0;  0,0;  0,0; 16,0; 16,0;  0,0; 20,5; 40,0;  45;pøipraven;netopí;
11-01-2024;07:32:00; 15,3; 40,6; 45,1; 26,4;  0,0; 20,0;  0,0;  0,0; 16,0; 16,0;  0,0; 20,5; 40,0;  45;pøipraven;netopí;
11-01-2024;07:33:00; 15,3; 40,5; 45,1; 26,4;  0,0; 20,0;  0,0;  0,0; 16,0; 16,0;  0,0; 20,5; 40,0;  45;pøipraven;netopí;
11-01-2024;07:34:00; 15,3; 40,6; 45,1; 26,4;  0,0; 20,0;  0,0;  0,0; 16,0; 16,0;  0,0; 20,5; 40,0;  45;pøipraven;netopí;
11-01-2024;07:35:00; 15,3; 40,6; 45,0; 26,4;  0,0; 20,0;  0,0;  0,0; 16,0; 15,9;  0,0; 20,5; 40,0;  45;pøipraven;netopí;
11-01-2024;07:36:00; 15,4; 40,6; 45,1; 26,4;  0,0; 20,0;  0,0;  0,0; 16,0; 16,0;  0,0; 20,5; 40,0;  45;pøipraven;netopí;
11-01-2024;07:37:00; 15,4; 40,6; 45,1; 26,4;  0,0; 20,0;  0,0;  0,0; 16,0; 15,9;  0,0; 20,5; 40,0;  45;pøipraven;netopí;
11-01-2024;07:38:00; 15,4; 40,6; 45,1; 26,4;  0,0; 20,0;  0,0;  0,0; 16,0; 15,9;  0,0; 20,5; 40,0;  45;pøipraven;netopí;
11-01-2024;07:39:00; 15,4; 40,6; 45,1; 26,4;  0,0; 20,0;  0,0;  0,0; 16,0; 16,0;  0,0; 20,5; 40,0;  45;pøipraven;netopí;
11-01-2024;07:40:00; 15,4; 40,6; 45,1; 26,4;  0,0; 20,0;  0,0;  0,0; 16,0; 16,0;  0,0; 20,5; 40,0;  45;pøipraven;netopí;
11-01-2024;07:41:00; 15,4; 40,6; 45,1; 26,4;  0,0; 20,0;  0,0;  0,0; 16,0; 15,9;  0,0; 20,5; 40,0;  45;pøipraven;netopí;
11-01-2024;07:42:00; 15,4; 40,6; 45,1; 26,4;  0,0; 20,0;  0,0;  0,0; 16,0; 16,0;  0,0; 20,5; 40,0;  45;pøipraven;netopí;
11-01-2024;07:43:00; 15,4; 40,6; 45,1; 26,4;  0,0; 20,0;  0,0;  0,0; 16,0; 15,9;  0,0; 20,5; 40,0;  45;pøipraven;netopí;
11-01-2024;07:44:00; 15,4; 40,6; 45,0; 26,4;  0,0; 20,0;  0,0;  0,0; 16,0; 15,9;  0,0; 20,5; 40,0;  45;pøipraven;netopí;
11-01-2024;07:45:00; 15,4; 40,5; 45,0; 26,4;  0,0; 20,0;  0,0;  0,0; 16,0; 15,9;  0,0; 20,5; 40,0;  45;pøipraven;netopí;
11-01-2024;07:46:00; 15,4; 40,6; 45,0; 26,4;  0,0; 20,0;  0,0;  0,0; 16,0; 15,9;  0,0; 20,5; 40,0;  45;pøipraven;netopí;
11-01-2024;07:47:00; 15,4; 40,6; 45,0; 26,4;  0,0; 20,0;  0,0;  0,0; 16,1; 15,9;  0,0; 20,5; 40,0;  45;pøipraven;netopí;
11-01-2024;07:48:00; 15,4; 40,6; 45,0; 26,4;  0,0; 20,0;  0,0;  0,0; 16,1; 15,9;  0,0; 20,5; 40,0;  45;pøipraven;netopí;
11-01-2024;07:49:00; 15,4; 40,5; 45,0; 26,4;  0,0; 20,0;  0,0;  0,0; 16,1; 15,9;  0,0; 20,5; 40,0;  45;pøipraven;netopí;
11-01-2024;07:50:00; 15,4; 40,6; 45,1; 26,4;  0,0; 20,0;  0,0;  0,0; 16,1; 15,9;  0,0; 20,5; 40,0;  45;pøipraven;netopí;
11-01-2024;07:51:00; 15,4; 40,6; 45,0; 26,4;  0,0; 20,0;  0,0;  0,0; 16,1; 15,9;  0,0; 20,5; 40,0;  45;pøipraven;netopí;
11-01-2024;07:52:00; 15,4; 40,5; 45,0; 26,4;  0,0; 20,0;  0,0;  0,0; 16,1; 15,9;  0,0; 20,5; 40,0;  45;pøipraven;netopí;
11-01-2024;07:53:00; 15,4; 40,6; 45,0; 26,4;  0,0; 20,0;  0,0;  0,0; 16,0; 15,9;  0,0; 20,5; 40,0;  45;pøipraven;netopí;
11-01-2024;07:54:00; 15,4; 40,5; 45,0; 26,4;  0,0; 20,0;  0,0;  0,0; 16,1; 15,9;  0,0; 20,5; 40,0;  45;pøipraven;netopí;
11-01-2024;07:55:00; 15,4; 40,6; 45,0; 26,4;  0,0; 20,0;  0,0;  0,0; 16,1; 15,9;  0,0; 20,5; 40,0;  45;pøipraven;netopí;
